-- phpMyAdmin SQL Dump
-- version 4.1.14
-- http://www.phpmyadmin.net
--
-- Host: 127.0.0.1
-- Generation Time: 24-Mar-2015 às 22:03
-- Versão do servidor: 5.6.17
-- PHP Version: 5.5.12

SET SQL_MODE = "NO_AUTO_VALUE_ON_ZERO";
SET time_zone = "+00:00";


/*!40101 SET @OLD_CHARACTER_SET_CLIENT=@@CHARACTER_SET_CLIENT */;
/*!40101 SET @OLD_CHARACTER_SET_RESULTS=@@CHARACTER_SET_RESULTS */;
/*!40101 SET @OLD_COLLATION_CONNECTION=@@COLLATION_CONNECTION */;
/*!40101 SET NAMES utf8 */;

--
-- Database: `GDM`
--

-- --------------------------------------------------------

--
-- Estrutura da tabela `Acesso`
--

CREATE TABLE IF NOT EXISTS `Acesso` (
  `AcessoId` int(11) NOT NULL AUTO_INCREMENT,
  `AplicacaoId` int(11) NOT NULL DEFAULT '0',
  `PerfilId` int(11) NOT NULL DEFAULT '0',
  `MenuId` int(11) NOT NULL DEFAULT '0',
  PRIMARY KEY (`AcessoId`)
) ENGINE=InnoDB DEFAULT CHARSET=utf8 COLLATE=utf8_bin AUTO_INCREMENT=1 ;

-- --------------------------------------------------------

--
-- Estrutura da tabela `Action`
--

CREATE TABLE IF NOT EXISTS `Action` (
  `ActionId` int(11) NOT NULL AUTO_INCREMENT,
  `Titulo` varchar(255) COLLATE utf8_bin NOT NULL,
  `Descricao` varchar(255) COLLATE utf8_bin NOT NULL,
  `Handler` tinyint(1) NOT NULL DEFAULT '0',
  PRIMARY KEY (`ActionId`)
) ENGINE=InnoDB  DEFAULT CHARSET=utf8 COLLATE=utf8_bin AUTO_INCREMENT=6 ;

--
-- Extraindo dados da tabela `Action`
--

INSERT INTO `Action` (`ActionId`, `Titulo`, `Descricao`, `Handler`) VALUES
(1, 'Index', 'Action Inicial dos Modulos', 0),
(2, 'Cadastro', 'Cadastro dos registros dos Modulos', 0),
(3, 'Delete', 'Delete dos registros dos Modulos', 0),
(4, 'Select2', 'Handler para o plugin Select2', 1),
(5, 'Generator', '', 0);

-- --------------------------------------------------------

--
-- Estrutura da tabela `ActionModulo`
--

CREATE TABLE IF NOT EXISTS `ActionModulo` (
  `ActionModuloId` int(11) NOT NULL AUTO_INCREMENT,
  `ActionId` int(11) NOT NULL,
  `ModuloId` int(11) NOT NULL,
  `Publico` tinyint(4) DEFAULT NULL,
  PRIMARY KEY (`ActionModuloId`)
) ENGINE=InnoDB  DEFAULT CHARSET=utf8 COLLATE=utf8_bin AUTO_INCREMENT=28 ;

--
-- Extraindo dados da tabela `ActionModulo`
--

INSERT INTO `ActionModulo` (`ActionModuloId`, `ActionId`, `ModuloId`, `Publico`) VALUES
(1, 1, 7, 0),
(2, 2, 7, 0),
(3, 3, 7, 0),
(4, 1, 1, 0),
(5, 5, 1, 0),
(6, 1, 3, 0),
(7, 2, 3, 0),
(8, 3, 3, 0),
(9, 4, 3, 0),
(10, 1, 3, 0),
(11, 2, 3, 0),
(12, 3, 3, 0),
(13, 4, 3, 0),
(14, 1, 2, 0),
(15, 2, 2, 0),
(16, 3, 2, 0),
(17, 1, 4, 0),
(18, 2, 4, 0),
(19, 3, 4, 0),
(20, 4, 4, 0),
(21, 1, 6, 0),
(22, 2, 6, 0),
(23, 3, 6, 0),
(24, 4, 6, 0),
(25, 1, 5, 0),
(26, 2, 5, 0),
(27, 3, 5, 0);

-- --------------------------------------------------------

--
-- Estrutura da tabela `Aplicacao`
--

CREATE TABLE IF NOT EXISTS `Aplicacao` (
  `AplicacaoId` int(255) NOT NULL AUTO_INCREMENT,
  `Titulo` varchar(255) CHARACTER SET latin1 NOT NULL,
  `Descricao` text CHARACTER SET latin1,
  `PessoaId` int(255) NOT NULL,
  `DataCriacao` varchar(50) COLLATE utf8_bin DEFAULT NULL,
  `NichoId` int(255) NOT NULL,
  `Pasta` varchar(255) COLLATE utf8_bin NOT NULL,
  `DbHost` varchar(255) COLLATE utf8_bin NOT NULL,
  `DbSenha` varchar(255) COLLATE utf8_bin NOT NULL,
  `DbUsuario` varchar(255) COLLATE utf8_bin NOT NULL,
  `DbBanco` varchar(255) COLLATE utf8_bin NOT NULL,
  PRIMARY KEY (`AplicacaoId`)
) ENGINE=InnoDB  DEFAULT CHARSET=utf8 COLLATE=utf8_bin AUTO_INCREMENT=4 ;

--
-- Extraindo dados da tabela `Aplicacao`
--

INSERT INTO `Aplicacao` (`AplicacaoId`, `Titulo`, `Descricao`, `PessoaId`, `DataCriacao`, `NichoId`, `Pasta`, `DbHost`, `DbSenha`, `DbUsuario`, `DbBanco`) VALUES
(1, 'GDM', 'Gerenciador de Dados Modular', 1, NULL, 1, 'GDM', '', '', '', ''),
(2, 'SGA', 'Sistema de Gerenciamento de Arquivos', 2, NULL, 4, 'SGA', '', '', '', ''),
(3, 'MediaSpot', '<div style="text-align: center;"><img src="data:image/png;base64,iVBORw0KGgoAAAANSUhEUgAAAlwAAAH9CAYAAADPtKJmAAAACXBIWXMAAAsTAAALEwEAmpwYAAABNmlDQ1BQaG90b3Nob3AgSUNDIHByb2ZpbGUAAHjarY6xSsNQFEDPi6LiUCsEcXB4kygotupgxqQtRRCs1SHJ1qShSmkSXl7VfoSjWwcXd7/AyVFwUPwC/0Bx6uAQIYODCJ7p3MPlcsGo2HWnYZRhEGvVbjrS9Xw5+8QMUwDQCbPUbrUOAOIkjvjB5ysC4HnTrjsN/sZ8mCoNTIDtbpSFICpA/0KnGsQYMIN+qkHcAaY6addAPAClXu4vQCnI/Q0oKdfzQXwAZs/1fDDmADPIfQUwdXSpAWpJOlJnvVMtq5ZlSbubBJE8HmU6GmRyPw4TlSaqo6MukP8HwGK+2G46cq1qWXvr/DOu58vc3o8QgFh6LFpBOFTn3yqMnd/n4sZ4GQ5vYXpStN0ruNmAheuirVahvAX34y/Axk/96FpPYgAAQSlpVFh0WE1MOmNvbS5hZG9iZS54bXAAAAAAADw/eHBhY2tldCBiZWdpbj0i77u/IiBpZD0iVzVNME1wQ2VoaUh6cmVTek5UY3prYzlkIj8+Cjx4OnhtcG1ldGEgeG1sbnM6eD0iYWRvYmU6bnM6bWV0YS8iIHg6eG1wdGs9IkFkb2JlIFhNUCBDb3JlIDUuNS1jMDE0IDc5LjE1MTQ4MSwgMjAxMy8wMy8xMy0xMjowOToxNSAgICAgICAgIj4KICAgPHJkZjpSREYgeG1sbnM6cmRmPSJodHRwOi8vd3d3LnczLm9yZy8xOTk5LzAyLzIyLXJkZi1zeW50YXgtbnMjIj4KICAgICAgPHJkZjpEZXNjcmlwdGlvbiByZGY6YWJvdXQ9IiIKICAgICAgICAgICAgeG1sbnM6eG1wPSJodHRwOi8vbnMuYWRvYmUuY29tL3hhcC8xLjAvIgogICAgICAgICAgICB4bWxuczpkYz0iaHR0cDovL3B1cmwub3JnL2RjL2VsZW1lbnRzLzEuMS8iCiAgICAgICAgICAgIHhtbG5zOnhtcE1NPSJodHRwOi8vbnMuYWRvYmUuY29tL3hhcC8xLjAvbW0vIgogICAgICAgICAgICB4bWxuczpzdEV2dD0iaHR0cDovL25zLmFkb2JlLmNvbS94YXAvMS4wL3NUeXBlL1Jlc291cmNlRXZlbnQjIgogICAgICAgICAgICB4bWxuczpzdFJlZj0iaHR0cDovL25zLmFkb2JlLmNvbS94YXAvMS4wL3NUeXBlL1Jlc291cmNlUmVmIyIKICAgICAgICAgICAgeG1sbnM6cGhvdG9zaG9wPSJodHRwOi8vbnMuYWRvYmUuY29tL3Bob3Rvc2hvcC8xLjAvIgogICAgICAgICAgICB4bWxuczp0aWZmPSJodHRwOi8vbnMuYWRvYmUuY29tL3RpZmYvMS4wLyIKICAgICAgICAgICAgeG1sbnM6ZXhpZj0iaHR0cDovL25zLmFkb2JlLmNvbS9leGlmLzEuMC8iPgogICAgICAgICA8eG1wOkNyZWF0b3JUb29sPkFkb2JlIFBob3Rvc2hvcCBDQyAoV2luZG93cyk8L3htcDpDcmVhdG9yVG9vbD4KICAgICAgICAgPHhtcDpDcmVhdGVEYXRlPjIwMTQtMDktMjRUMTE6MzE6NTAtMDM6MDA8L3htcDpDcmVhdGVEYXRlPgogICAgICAgICA8eG1wOk1ldGFkYXRhRGF0ZT4yMDE0LTA5LTI0VDExOjM0OjEwLTAzOjAwPC94bXA6TWV0YWRhdGFEYXRlPgogICAgICAgICA8eG1wOk1vZGlmeURhdGU+MjAxNC0wOS0yNFQxMTozNDoxMC0wMzowMDwveG1wOk1vZGlmeURhdGU+CiAgICAgICAgIDxkYzpmb3JtYXQ+aW1hZ2UvcG5nPC9kYzpmb3JtYXQ+CiAgICAgICAgIDx4bXBNTTpJbnN0YW5jZUlEPnhtcC5paWQ6ZmYyNmQzODEtMjY2Ny1mNjQxLTkzYjctODIwM2M0ZWI4NjYwPC94bXBNTTpJbnN0YW5jZUlEPgogICAgICAgICA8eG1wTU06RG9jdW1lbnRJRD54bXAuZGlkOmY0MjM4ZDVkLWU4NDItMTE0Yy04ZDQ0LWFjZTExYzZmYTdmMTwveG1wTU06RG9jdW1lbnRJRD4KICAgICAgICAgPHhtcE1NOk9yaWdpbmFsRG9jdW1lbnRJRD54bXAuZGlkOmY0MjM4ZDVkLWU4NDItMTE0Yy04ZDQ0LWFjZTExYzZmYTdmMTwveG1wTU06T3JpZ2luYWxEb2N1bWVudElEPgogICAgICAgICA8eG1wTU06SGlzdG9yeT4KICAgICAgICAgICAgPHJkZjpTZXE+CiAgICAgICAgICAgICAgIDxyZGY6bGkgcmRmOnBhcnNlVHlwZT0iUmVzb3VyY2UiPgogICAgICAgICAgICAgICAgICA8c3RFdnQ6YWN0aW9uPmNyZWF0ZWQ8L3N0RXZ0OmFjdGlvbj4KICAgICAgICAgICAgICAgICAgPHN0RXZ0Omluc3RhbmNlSUQ+eG1wLmlpZDpmNDIzOGQ1ZC1lODQyLTExNGMtOGQ0NC1hY2UxMWM2ZmE3ZjE8L3N0RXZ0Omluc3RhbmNlSUQ+CiAgICAgICAgICAgICAgICAgIDxzdEV2dDp3aGVuPjIwMTQtMDktMjRUMTE6MzE6NTAtMDM6MDA8L3N0RXZ0OndoZW4+CiAgICAgICAgICAgICAgICAgIDxzdEV2dDpzb2Z0d2FyZUFnZW50PkFkb2JlIFBob3Rvc2hvcCBDQyAoV2luZG93cyk8L3N0RXZ0OnNvZnR3YXJlQWdlbnQ+CiAgICAgICAgICAgICAgIDwvcmRmOmxpPgogICAgICAgICAgICAgICA8cmRmOmxpIHJkZjpwYXJzZVR5cGU9IlJlc291cmNlIj4KICAgICAgICAgICAgICAgICAgPHN0RXZ0OmFjdGlvbj5zYXZlZDwvc3RFdnQ6YWN0aW9uPgogICAgICAgICAgICAgICAgICA8c3RFdnQ6aW5zdGFuY2VJRD54bXAuaWlkOjE0MmM5MzAxLTc3MWYtZTI0Ny1iZmFjLTFkNGEyMmY0YjFkZDwvc3RFdnQ6aW5zdGFuY2VJRD4KICAgICAgICAgICAgICAgICAgPHN0RXZ0OndoZW4+MjAxNC0wOS0yNFQxMTozMzoxOS0wMzowMDwvc3RFdnQ6d2hlbj4KICAgICAgICAgICAgICAgICAgPHN0RXZ0OnNvZnR3YXJlQWdlbnQ+QWRvYmUgUGhvdG9zaG9wIENDIChXaW5kb3dzKTwvc3RFdnQ6c29mdHdhcmVBZ2VudD4KICAgICAgICAgICAgICAgICAgPHN0RXZ0OmNoYW5nZWQ+Lzwvc3RFdnQ6Y2hhbmdlZD4KICAgICAgICAgICAgICAgPC9yZGY6bGk+CiAgICAgICAgICAgICAgIDxyZGY6bGkgcmRmOnBhcnNlVHlwZT0iUmVzb3VyY2UiPgogICAgICAgICAgICAgICAgICA8c3RFdnQ6YWN0aW9uPnNhdmVkPC9zdEV2dDphY3Rpb24+CiAgICAgICAgICAgICAgICAgIDxzdEV2dDppbnN0YW5jZUlEPnhtcC5paWQ6NGZmNjQxNjQtMGVkNy1jYjQ4LWI1NDktMzM4MTc4ZjdmZDA3PC9zdEV2dDppbnN0YW5jZUlEPgogICAgICAgICAgICAgICAgICA8c3RFdnQ6d2hlbj4yMDE0LTA5LTI0VDExOjM0OjEwLTAzOjAwPC9zdEV2dDp3aGVuPgogICAgICAgICAgICAgICAgICA8c3RFdnQ6c29mdHdhcmVBZ2VudD5BZG9iZSBQaG90b3Nob3AgQ0MgKFdpbmRvd3MpPC9zdEV2dDpzb2Z0d2FyZUFnZW50PgogICAgICAgICAgICAgICAgICA8c3RFdnQ6Y2hhbmdlZD4vPC9zdEV2dDpjaGFuZ2VkPgogICAgICAgICAgICAgICA8L3JkZjpsaT4KICAgICAgICAgICAgICAgPHJkZjpsaSByZGY6cGFyc2VUeXBlPSJSZXNvdXJjZSI+CiAgICAgICAgICAgICAgICAgIDxzdEV2dDphY3Rpb24+Y29udmVydGVkPC9zdEV2dDphY3Rpb24+CiAgICAgICAgICAgICAgICAgIDxzdEV2dDpwYXJhbWV0ZXJzPmZyb20gYXBwbGljYXRpb24vdm5kLmFkb2JlLnBob3Rvc2hvcCB0byBpbWFnZS9wbmc8L3N0RXZ0OnBhcmFtZXRlcnM+CiAgICAgICAgICAgICAgIDwvcmRmOmxpPgogICAgICAgICAgICAgICA8cmRmOmxpIHJkZjpwYXJzZVR5cGU9IlJlc291cmNlIj4KICAgICAgICAgICAgICAgICAgPHN0RXZ0OmFjdGlvbj5kZXJpdmVkPC9zdEV2dDphY3Rpb24+CiAgICAgICAgICAgICAgICAgIDxzdEV2dDpwYXJhbWV0ZXJzPmNvbnZlcnRlZCBmcm9tIGFwcGxpY2F0aW9uL3ZuZC5hZG9iZS5waG90b3Nob3AgdG8gaW1hZ2UvcG5nPC9zdEV2dDpwYXJhbWV0ZXJzPgogICAgICAgICAgICAgICA8L3JkZjpsaT4KICAgICAgICAgICAgICAgPHJkZjpsaSByZGY6cGFyc2VUeXBlPSJSZXNvdXJjZSI+CiAgICAgICAgICAgICAgICAgIDxzdEV2dDphY3Rpb24+c2F2ZWQ8L3N0RXZ0OmFjdGlvbj4KICAgICAgICAgICAgICAgICAgPHN0RXZ0Omluc3RhbmNlSUQ+eG1wLmlpZDpmZjI2ZDM4MS0yNjY3LWY2NDEtOTNiNy04MjAzYzRlYjg2NjA8L3N0RXZ0Omluc3RhbmNlSUQ+CiAgICAgICAgICAgICAgICAgIDxzdEV2dDp3aGVuPjIwMTQtMDktMjRUMTE6MzQ6MTAtMDM6MDA8L3N0RXZ0OndoZW4+CiAgICAgICAgICAgICAgICAgIDxzdEV2dDpzb2Z0d2FyZUFnZW50PkFkb2JlIFBob3Rvc2hvcCBDQyAoV2luZG93cyk8L3N0RXZ0OnNvZnR3YXJlQWdlbnQ+CiAgICAgICAgICAgICAgICAgIDxzdEV2dDpjaGFuZ2VkPi88L3N0RXZ0OmNoYW5nZWQ+CiAgICAgICAgICAgICAgIDwvcmRmOmxpPgogICAgICAgICAgICA8L3JkZjpTZXE+CiAgICAgICAgIDwveG1wTU06SGlzdG9yeT4KICAgICAgICAgPHhtcE1NOkRlcml2ZWRGcm9tIHJkZjpwYXJzZVR5cGU9IlJlc291cmNlIj4KICAgICAgICAgICAgPHN0UmVmOmluc3RhbmNlSUQ+eG1wLmlpZDo0ZmY2NDE2NC0wZWQ3LWNiNDgtYjU0OS0zMzgxNzhmN2ZkMDc8L3N0UmVmOmluc3RhbmNlSUQ+CiAgICAgICAgICAgIDxzdFJlZjpkb2N1bWVudElEPnhtcC5kaWQ6ZjQyMzhkNWQtZTg0Mi0xMTRjLThkNDQtYWNlMTFjNmZhN2YxPC9zdFJlZjpkb2N1bWVudElEPgogICAgICAgICAgICA8c3RSZWY6b3JpZ2luYWxEb2N1bWVudElEPnhtcC5kaWQ6ZjQyMzhkNWQtZTg0Mi0xMTRjLThkNDQtYWNlMTFjNmZhN2YxPC9zdFJlZjpvcmlnaW5hbERvY3VtZW50SUQ+CiAgICAgICAgIDwveG1wTU06RGVyaXZlZEZyb20+CiAgICAgICAgIDxwaG90b3Nob3A6Q29sb3JNb2RlPjM8L3Bob3Rvc2hvcDpDb2xvck1vZGU+CiAgICAgICAgIDxwaG90b3Nob3A6SUNDUHJvZmlsZT5BZG9iZSBSR0IgKDE5OTgpPC9waG90b3Nob3A6SUNDUHJvZmlsZT4KICAgICAgICAgPHRpZmY6T3JpZW50YXRpb24+MTwvdGlmZjpPcmllbnRhdGlvbj4KICAgICAgICAgPHRpZmY6WFJlc29sdXRpb24+NzIwMDAwLzEwMDAwPC90aWZmOlhSZXNvbHV0aW9uPgogICAgICAgICA8dGlmZjpZUmVzb2x1dGlvbj43MjAwMDAvMTAwMDA8L3RpZmY6WVJlc29sdXRpb24+CiAgICAgICAgIDx0aWZmOlJlc29sdXRpb25Vbml0PjI8L3RpZmY6UmVzb2x1dGlvblVuaXQ+CiAgICAgICAgIDxleGlmOkNvbG9yU3BhY2U+NjU1MzU8L2V4aWY6Q29sb3JTcGFjZT4KICAgICAgICAgPGV4aWY6UGl4ZWxYRGltZW5zaW9uPjYwNDwvZXhpZjpQaXhlbFhEaW1lbnNpb24+CiAgICAgICAgIDxleGlmOlBpeGVsWURpbWVuc2lvbj41MDk8L2V4aWY6UGl4ZWxZRGltZW5zaW9uPgogICAgICA8L3JkZjpEZXNjcmlwdGlvbj4KICAgPC9yZGY6UkRGPgo8L3g6eG1wbWV0YT4KICAgICAgICAgICAgICAgICAgICAgICAgICAgICAgICAgICAgICAgICAgICAgICAgICAgICAgICAgICAgICAgICAgICAgICAgICAgICAgICAgICAgICAgICAgICAgICAgICAgIAogICAgICAgICAgICAgICAgICAgICAgICAgICAgICAgICAgICAgICAgICAgICAgICAgICAgICAgICAgICAgICAgICAgICAgICAgICAgICAgICAgICAgICAgICAgICAgICAgICAgCiAgICAgICAgICAgICAgICAgICAgICAgICAgICAgICAgICAgICAgICAgICAgICAgICAgICAgICAgICAgICAgICAgICAgICAgICAgICAgICAgICAgICAgICAgICAgICAgICAgICAKICAgICAgICAgICAgICAgICAgICAgICAgICAgICAgICAgICAgICAgICAgICAgICAgICAgICAgICAgICAgICAgICAgICAgICAgICAgICAgICAgICAgICAgICAgICAgICAgICAgIAogICAgICAgICAgICAgICAgICAgICAgICAgICAgICAgICAgICAgICAgICAgICAgICAgICAgICAgICAgICAgICAgICAgICAgICAgICAgICAgICAgICAgICAgICAgICAgICAgICAgCiAgICAgICAgICAgICAgICAgICAgICAgICAgICAgICAgICAgICAgICAgICAgICAgICAgICAgICAgICAgICAgICAgICAgICAgICAgICAgICAgICAgICAgICAgICAgICAgICAgICAKICAgICAgICAgICAgICAgICAgICAgICAgICAgICAgICAgICAgICAgICAgICAgICAgICAgICAgICAgICAgICAgICAgICAgICAgICAgICAgICAgICAgICAgICAgICAgICAgICAgIAogICAgICAgICAgICAgICAgICAgICAgICAgICAgICAgICAgICAgICAgICAgICAgICAgICAgICAgICAgICAgICAgICAgICAgICAgICAgICAgICAgICAgICAgICAgICAgICAgICAgCiAgICAgICAgICAgICAgICAgICAgICAgICAgICAgICAgICAgICAgICAgICAgICAgICAgICAgICAgICAgICAgICAgICAgICAgICAgICAgICAgICAgICAgICAgICAgICAgICAgICAKICAgICAgICAgICAgICAgICAgICAgICAgICAgICAgICAgICAgICAgICAgICAgICAgICAgICAgICAgICAgICAgICAgICAgICAgICAgICAgICAgICAgICAgICAgICAgICAgICAgIAogICAgICAgICAgICAgICAgICAgICAgICAgICAgICAgICAgICAgICAgICAgICAgICAgICAgICAgICAgICAgICAgICAgICAgICAgICAgICAgICAgICAgICAgICAgICAgICAgICAgCiAgICAgICAgICAgICAgICAgICAgICAgICAgICAgICAgICAgICAgICAgICAgICAgICAgICAgICAgICAgICAgICAgICAgICAgICAgICAgICAgICAgICAgICAgICAgICAgICAgICAKICAgICAgICAgICAgICAgICAgICAgICAgICAgICAgICAgICAgICAgICAgICAgICAgICAgICAgICAgICAgICAgICAgICAgICAgICAgICAgICAgICAgICAgICAgICAgICAgICAgIAogICAgICAgICAgICAgICAgICAgICAgICAgICAgICAgICAgICAgICAgICAgICAgICAgICAgICAgICAgICAgICAgICAgICAgICAgICAgICAgICAgICAgICAgICAgICAgICAgICAgCiAgICAgICAgICAgICAgICAgICAgICAgICAgICAgICAgICAgICAgICAgICAgICAgICAgICAgICAgICAgICAgICAgICAgICAgICAgICAgICAgICAgICAgICAgICAgICAgICAgICAKICAgICAgICAgICAgICAgICAgICAgICAgICAgICAgICAgICAgICAgICAgICAgICAgICAgICAgICAgICAgICAgICAgICAgICAgICAgICAgICAgICAgICAgICAgICAgICAgICAgIAogICAgICAgICAgICAgICAgICAgICAgICAgICAgICAgICAgICAgICAgICAgICAgICAgICAgICAgICAgICAgICAgICAgICAgICAgICAgICAgICAgICAgICAgICAgICAgICAgICAgCiAgICAgICAgICAgICAgICAgICAgICAgICAgICAgICAgICAgICAgICAgICAgICAgICAgICAgICAgICAgICAgICAgICAgICAgICAgICAgICAgICAgICAgICAgICAgICAgICAgICAKICAgICAgICAgICAgICAgICAgICAgICAgICAgICAgICAgICAgICAgICAgICAgICAgICAgICAgICAgICAgICAgICAgICAgICAgICAgICAgICAgICAgICAgICAgICAgICAgICAgIAogICAgICAgICAgICAgICAgICAgICAgICAgICAgICAgICAgICAgICAgICAgICAgICAgICAgICAgICAgICAgICAgICAgICAgICAgICAgICAgICAgICAgICAgICAgICAgICAgICAgCiAgICAgICAgICAgICAgICAgICAgICAgICAgICAgICAgICAgICAgICAgICAgICAgICAgICAgICAgICAgICAgICAgICAgICAgICAgICAgICAgICAgICAgICAgICAgICAgICAgICAKICAgICAgICAgICAgICAgICAgICAgICAgICAgICAgICAgICAgICAgICAgICAgICAgICAgICAgICAgICAgICAgICAgICAgICAgICAgICAgICAgICAgICAgICAgICAgICAgICAgIAogICAgICAgICAgICAgICAgICAgICAgICAgICAgICAgICAgICAgICAgICAgICAgICAgICAgICAgICAgICAgICAgICAgICAgICAgICAgICAgICAgICAgICAgICAgICAgICAgICAgCiAgICAgICAgICAgICAgICAgICAgICAgICAgICAgICAgICAgICAgICAgICAgICAgICAgICAgICAgICAgICAgICAgICAgICAgICAgICAgICAgICAgICAgICAgICAgICAgICAgICAKICAgICAgICAgICAgICAgICAgICAgICAgICAgICAgICAgICAgICAgICAgICAgICAgICAgICAgICAgICAgICAgICAgICAgICAgICAgICAgICAgICAgICAgICAgICAgICAgICAgIAogICAgICAgICAgICAgICAgICAgICAgICAgICAgICAgICAgICAgICAgICAgICAgICAgICAgICAgICAgICAgICAgICAgICAgICAgICAgICAgICAgICAgICAgICAgICAgICAgICAgCiAgICAgICAgICAgICAgICAgICAgICAgICAgICAgICAgICAgICAgICAgICAgICAgICAgICAgICAgICAgICAgICAgICAgICAgICAgICAgICAgICAgICAgICAgICAgICAgICAgICAKICAgICAgICAgICAgICAgICAgICAgICAgICAgICAgICAgICAgICAgICAgICAgICAgICAgICAgICAgICAgICAgICAgICAgICAgICAgICAgICAgICAgICAgICAgICAgICAgICAgIAogICAgICAgICAgICAgICAgICAgICAgICAgICAgICAgICAgICAgICAgICAgICAgICAgICAgICAgICAgICAgICAgICAgICAgICAgICAgICAgICAgICAgICAgICAgICAgICAgICAgCiAgICAgICAgICAgICAgICAgICAgICAgICAgICAgICAgICAgICAgICAgICAgICAgICAgICAgICAgICAgICAgICAgICAgICAgICAgICAgICAgICAgICAgICAgICAgICAgICAgICAKICAgICAgICAgICAgICAgICAgICAgICAgICAgICAgICAgICAgICAgICAgICAgICAgICAgICAgICAgICAgICAgICAgICAgICAgICAgICAgICAgICAgICAgICAgICAgICAgICAgIAogICAgICAgICAgICAgICAgICAgICAgICAgICAgICAgICAgICAgICAgICAgICAgICAgICAgICAgICAgICAgICAgICAgICAgICAgICAgICAgICAgICAgICAgICAgICAgICAgICAgCiAgICAgICAgICAgICAgICAgICAgICAgICAgICAgICAgICAgICAgICAgICAgICAgICAgICAgICAgICAgICAgICAgICAgICAgICAgICAgICAgICAgICAgICAgICAgICAgICAgICAKICAgICAgICAgICAgICAgICAgICAgICAgICAgICAgICAgICAgICAgICAgICAgICAgICAgICAgICAgICAgICAgICAgICAgICAgICAgICAgICAgICAgICAgICAgICAgICAgICAgIAogICAgICAgICAgICAgICAgICAgICAgICAgICAgICAgICAgICAgICAgICAgICAgICAgICAgICAgICAgICAgICAgICAgICAgICAgICAgICAgICAgICAgICAgICAgICAgICAgICAgCiAgICAgICAgICAgICAgICAgICAgICAgICAgICAgICAgICAgICAgICAgICAgICAgICAgICAgICAgICAgICAgICAgICAgICAgICAgICAgICAgICAgICAgICAgICAgICAgICAgICAKICAgICAgICAgICAgICAgICAgICAgICAgICAgICAgICAgICAgICAgICAgICAgICAgICAgICAgICAgICAgICAgICAgICAgICAgICAgICAgICAgICAgICAgICAgICAgICAgICAgIAogICAgICAgICAgICAgICAgICAgICAgICAgICAgICAgICAgICAgICAgICAgICAgICAgICAgICAgICAgICAgICAgICAgICAgICAgICAgICAgICAgICAgICAgICAgICAgICAgICAgCiAgICAgICAgICAgICAgICAgICAgICAgICAgICAgICAgICAgICAgICAgICAgICAgICAgICAgICAgICAgICAgICAgICAgICAgICAgICAgICAgICAgICAgICAgICAgICAgICAgICAKICAgICAgICAgICAgICAgICAgICAgICAgICAgICAgICAgICAgICAgICAgICAgICAgICAgICAgICAgICAgICAgICAgICAgICAgICAgICAgICAgICAgICAgICAgICAgICAgICAgIAogICAgICAgICAgICAgICAgICAgICAgICAgICAgICAgICAgICAgICAgICAgICAgICAgICAgICAgICAgICAgICAgICAgICAgICAgICAgICAgICAgICAgICAgICAgICAgICAgICAgCiAgICAgICAgICAgICAgICAgICAgICAgICAgICAgICAgICAgICAgICAgICAgICAgICAgICAgICAgICAgICAgICAgICAgICAgICAgICAgICAgICAgICAgICAgICAgICAgICAgICAKICAgICAgICAgICAgICAgICAgICAgICAgICAgICAgICAgICAgICAgICAgICAgICAgICAgICAgICAgICAgICAgICAgICAgICAgICAgICAgICAgICAgICAgICAgICAgICAgICAgIAogICAgICAgICAgICAgICAgICAgICAgICAgICAgICAgICAgICAgICAgICAgICAgICAgICAgICAgICAgICAgICAgICAgICAgICAgICAgICAgICAgICAgICAgICAgICAgICAgICAgCiAgICAgICAgICAgICAgICAgICAgICAgICAgICAgICAgICAgICAgICAgICAgICAgICAgICAgICAgICAgICAgICAgICAgICAgICAgICAgICAgICAgICAgICAgICAgICAgICAgICAKICAgICAgICAgICAgICAgICAgICAgICAgICAgICAgICAgICAgICAgICAgICAgICAgICAgICAgICAgICAgICAgICAgICAgICAgICAgICAgICAgICAgICAgICAgICAgICAgICAgIAogICAgICAgICAgICAgICAgICAgICAgICAgICAgICAgICAgICAgICAgICAgICAgICAgICAgICAgICAgICAgICAgICAgICAgICAgICAgICAgICAgICAgICAgICAgICAgICAgICAgCiAgICAgICAgICAgICAgICAgICAgICAgICAgICAgICAgICAgICAgICAgICAgICAgICAgICAgICAgICAgICAgICAgICAgICAgICAgICAgICAgICAgICAgICAgICAgICAgICAgICAKICAgICAgICAgICAgICAgICAgICAgICAgICAgICAgICAgICAgICAgICAgICAgICAgICAgICAgICAgICAgICAgICAgICAgICAgICAgICAgICAgICAgICAgICAgICAgICAgICAgIAogICAgICAgICAgICAgICAgICAgICAgICAgICAgICAgICAgICAgICAgICAgICAgICAgICAgICAgICAgICAgICAgICAgICAgICAgICAgICAgICAgICAgICAgICAgICAgICAgICAgCiAgICAgICAgICAgICAgICAgICAgICAgICAgICAgICAgICAgICAgICAgICAgICAgICAgICAgICAgICAgICAgICAgICAgICAgICAgICAgICAgICAgICAgICAgICAgICAgICAgICAKICAgICAgICAgICAgICAgICAgICAgICAgICAgICAgICAgICAgICAgICAgICAgICAgICAgICAgICAgICAgICAgICAgICAgICAgICAgICAgICAgICAgICAgICAgICAgICAgICAgIAogICAgICAgICAgICAgICAgICAgICAgICAgICAgICAgICAgICAgICAgICAgICAgICAgICAgICAgICAgICAgICAgICAgICAgICAgICAgICAgICAgICAgICAgICAgICAgICAgICAgCiAgICAgICAgICAgICAgICAgICAgICAgICAgICAgICAgICAgICAgICAgICAgICAgICAgICAgICAgICAgICAgICAgICAgICAgICAgICAgICAgICAgICAgICAgICAgICAgICAgICAKICAgICAgICAgICAgICAgICAgICAgICAgICAgICAgICAgICAgICAgICAgICAgICAgICAgICAgICAgICAgICAgICAgICAgICAgICAgICAgICAgICAgICAgICAgICAgICAgICAgIAogICAgICAgICAgICAgICAgICAgICAgICAgICAgICAgICAgICAgICAgICAgICAgICAgICAgICAgICAgICAgICAgICAgICAgICAgICAgICAgICAgICAgICAgICAgICAgICAgICAgCiAgICAgICAgICAgICAgICAgICAgICAgICAgICAgICAgICAgICAgICAgICAgICAgICAgICAgICAgICAgICAgICAgICAgICAgICAgICAgICAgICAgICAgICAgICAgICAgICAgICAKICAgICAgICAgICAgICAgICAgICAgICAgICAgICAgICAgICAgICAgICAgICAgICAgICAgICAgICAgICAgICAgICAgICAgICAgICAgICAgICAgICAgICAgICAgICAgICAgICAgIAogICAgICAgICAgICAgICAgICAgICAgICAgICAgICAgICAgICAgICAgICAgICAgICAgICAgICAgICAgICAgICAgICAgICAgICAgICAgICAgICAgICAgICAgICAgICAgICAgICAgCiAgICAgICAgICAgICAgICAgICAgICAgICAgICAgICAgICAgICAgICAgICAgICAgICAgICAgICAgICAgICAgICAgICAgICAgICAgICAgICAgICAgICAgICAgICAgICAgICAgICAKICAgICAgICAgICAgICAgICAgICAgICAgICAgICAgICAgICAgICAgICAgICAgICAgICAgICAgICAgICAgICAgICAgICAgICAgICAgICAgICAgICAgICAgICAgICAgICAgICAgIAogICAgICAgICAgICAgICAgICAgICAgICAgICAgICAgICAgICAgICAgICAgICAgICAgICAgICAgICAgICAgICAgICAgICAgICAgICAgICAgICAgICAgICAgICAgICAgICAgICAgCiAgICAgICAgICAgICAgICAgICAgICAgICAgICAgICAgICAgICAgICAgICAgICAgICAgICAgICAgICAgICAgICAgICAgICAgICAgICAgICAgICAgICAgICAgICAgICAgICAgICAKICAgICAgICAgICAgICAgICAgICAgICAgICAgICAgICAgICAgICAgICAgICAgICAgICAgICAgICAgICAgICAgICAgICAgICAgICAgICAgICAgICAgICAgICAgICAgICAgICAgIAogICAgICAgICAgICAgICAgICAgICAgICAgICAgICAgICAgICAgICAgICAgICAgICAgICAgICAgICAgICAgICAgICAgICAgICAgICAgICAgICAgICAgICAgICAgICAgICAgICAgCiAgICAgICAgICAgICAgICAgICAgICAgICAgICAgICAgICAgICAgICAgICAgICAgICAgICAgICAgICAgICAgICAgICAgICAgICAgICAgICAgICAgICAgICAgICAgICAgICAgICAKICAgICAgICAgICAgICAgICAgICAgICAgICAgICAgICAgICAgICAgICAgICAgICAgICAgICAgICAgICAgICAgICAgICAgICAgICAgICAgICAgICAgICAgICAgICAgICAgICAgIAogICAgICAgICAgICAgICAgICAgICAgICAgICAgICAgICAgICAgICAgICAgICAgICAgICAgICAgICAgICAgICAgICAgICAgICAgICAgICAgICAgICAgICAgICAgICAgICAgICAgCiAgICAgICAgICAgICAgICAgICAgICAgICAgICAgICAgICAgICAgICAgICAgICAgICAgICAgICAgICAgICAgICAgICAgICAgICAgICAgICAgICAgICAgICAgICAgICAgICAgICAKICAgICAgICAgICAgICAgICAgICAgICAgICAgICAgICAgICAgICAgICAgICAgICAgICAgICAgICAgICAgICAgICAgICAgICAgICAgICAgICAgICAgICAgICAgICAgICAgICAgIAogICAgICAgICAgICAgICAgICAgICAgICAgICAgICAgICAgICAgICAgICAgICAgICAgICAgICAgICAgICAgICAgICAgICAgICAgICAgICAgICAgICAgICAgICAgICAgICAgICAgCiAgICAgICAgICAgICAgICAgICAgICAgICAgICAgICAgICAgICAgICAgICAgICAgICAgICAgICAgICAgICAgICAgICAgICAgICAgICAgICAgICAgICAgICAgICAgICAgICAgICAKICAgICAgICAgICAgICAgICAgICAgICAgICAgICAgICAgICAgICAgICAgICAgICAgICAgICAgICAgICAgICAgICAgICAgICAgICAgICAgICAgICAgICAgICAgICAgICAgICAgIAogICAgICAgICAgICAgICAgICAgICAgICAgICAgICAgICAgICAgICAgICAgICAgICAgICAgICAgICAgICAgICAgICAgICAgICAgICAgICAgICAgICAgICAgICAgICAgICAgICAgCiAgICAgICAgICAgICAgICAgICAgICAgICAgICAgICAgICAgICAgICAgICAgICAgICAgICAgICAgICAgICAgICAgICAgICAgICAgICAgICAgICAgICAgICAgICAgICAgICAgICAKICAgICAgICAgICAgICAgICAgICAgICAgICAgICAgICAgICAgICAgICAgICAgICAgICAgICAgICAgICAgICAgICAgICAgICAgICAgICAgICAgICAgICAgICAgICAgICAgICAgIAogICAgICAgICAgICAgICAgICAgICAgICAgICAgICAgICAgICAgICAgICAgICAgICAgICAgICAgICAgICAgICAgICAgICAgICAgICAgICAgICAgICAgICAgICAgICAgICAgICAgCiAgICAgICAgICAgICAgICAgICAgICAgICAgICAgICAgICAgICAgICAgICAgICAgICAgICAgICAgICAgICAgICAgICAgICAgICAgICAgICAgICAgICAgICAgICAgICAgICAgICAKICAgICAgICAgICAgICAgICAgICAgICAgICAgICAgICAgICAgICAgICAgICAgICAgICAgICAgICAgICAgICAgICAgICAgICAgICAgICAgICAgICAgICAgICAgICAgICAgICAgIAogICAgICAgICAgICAgICAgICAgICAgICAgICAgICAgICAgICAgICAgICAgICAgICAgICAgICAgICAgICAgICAgICAgICAgICAgICAgICAgICAgICAgICAgICAgICAgICAgICAgCiAgICAgICAgICAgICAgICAgICAgICAgICAgICAgICAgICAgICAgICAgICAgICAgICAgICAgICAgICAgICAgICAgICAgICAgICAgICAgICAgICAgICAgICAgICAgICAgICAgICAKICAgICAgICAgICAgICAgICAgICAgICAgICAgICAgICAgICAgICAgICAgICAgICAgICAgICAgICAgICAgICAgICAgICAgICAgICAgICAgICAgICAgICAgICAgICAgICAgICAgIAogICAgICAgICAgICAgICAgICAgICAgICAgICAgICAgICAgICAgICAgICAgICAgICAgICAgICAgICAgICAgICAgICAgICAgICAgICAgICAgICAgICAgICAgICAgICAgICAgICAgCiAgICAgICAgICAgICAgICAgICAgICAgICAgICAgICAgICAgICAgICAgICAgICAgICAgICAgICAgICAgICAgICAgICAgICAgICAgICAgICAgICAgICAgICAgICAgICAgICAgICAKICAgICAgICAgICAgICAgICAgICAgICAgICAgICAgICAgICAgICAgICAgICAgICAgICAgICAgICAgICAgICAgICAgICAgICAgICAgICAgICAgICAgICAgICAgICAgICAgICAgIAogICAgICAgICAgICAgICAgICAgICAgICAgICAgICAgICAgICAgICAgICAgICAgICAgICAgICAgICAgICAgICAgICAgICAgICAgICAgICAgICAgICAgICAgICAgICAgICAgICAgCiAgICAgICAgICAgICAgICAgICAgICAgICAgICAgICAgICAgICAgICAgICAgICAgICAgICAgICAgICAgICAgICAgICAgICAgICAgICAgICAgICAgICAgICAgICAgICAgICAgICAKICAgICAgICAgICAgICAgICAgICAgICAgICAgICAgICAgICAgICAgICAgICAgICAgICAgICAgICAgICAgICAgICAgICAgICAgICAgICAgICAgICAgICAgICAgICAgICAgICAgIAogICAgICAgICAgICAgICAgICAgICAgICAgICAgICAgICAgICAgICAgICAgICAgICAgICAgICAgICAgICAgICAgICAgICAgICAgICAgICAgICAgICAgICAgICAgICAgICAgICAgCiAgICAgICAgICAgICAgICAgICAgICAgICAgICAgICAgICAgICAgICAgICAgICAgICAgICAgICAgICAgICAgICAgICAgICAgICAgICAgICAgICAgICAgICAgICAgICAgICAgICAKICAgICAgICAgICAgICAgICAgICAgICAgICAgICAgICAgICAgICAgICAgICAgICAgICAgICAgICAgICAgICAgICAgICAgICAgICAgICAgICAgICAgICAgICAgICAgICAgICAgIAogICAgICAgICAgICAgICAgICAgICAgICAgICAgICAgICAgICAgICAgICAgICAgICAgICAgICAgICAgICAgICAgICAgICAgICAgICAgICAgICAgICAgICAgICAgICAgICAgICAgCiAgICAgICAgICAgICAgICAgICAgICAgICAgICAgICAgICAgICAgICAgICAgICAgICAgICAgICAgICAgICAgICAgICAgICAgICAgICAgICAgICAgICAgICAgICAgICAgICAgICAKICAgICAgICAgICAgICAgICAgICAgICAgICAgICAgICAgICAgICAgICAgICAgICAgICAgICAgICAgICAgICAgICAgICAgICAgICAgICAgICAgICAgICAgICAgICAgICAgICAgIAogICAgICAgICAgICAgICAgICAgICAgICAgICAgICAgICAgICAgICAgICAgICAgICAgICAgICAgICAgICAgICAgICAgICAgICAgICAgICAgICAgICAgICAgICAgICAgICAgICAgCiAgICAgICAgICAgICAgICAgICAgICAgICAgICAgICAgICAgICAgICAgICAgICAgICAgICAgICAgICAgICAgICAgICAgICAgICAgICAgICAgICAgICAgICAgICAgICAgICAgICAKICAgICAgICAgICAgICAgICAgICAgICAgICAgICAgICAgICAgICAgICAgICAgICAgICAgICAgICAgICAgICAgICAgICAgICAgICAgICAgICAgICAgICAgICAgICAgICAgICAgIAogICAgICAgICAgICAgICAgICAgICAgICAgICAgICAgICAgICAgICAgICAgICAgICAgICAgICAgICAgICAgICAgICAgICAgICAgICAgICAgICAgICAgICAgICAgICAgICAgICAgCiAgICAgICAgICAgICAgICAgICAgICAgICAgICAgICAgICAgICAgICAgICAgICAgICAgICAgICAgICAgICAgICAgICAgICAgICAgICAgICAgICAgICAgICAgICAgICAgICAgICAKICAgICAgICAgICAgICAgICAgICAgICAgICAgICAgICAgICAgICAgICAgICAgICAgICAgICAgICAgICAgICAgICAgICAgICAgICAgICAgICAgICAgICAgICAgICAgICAgICAgIAogICAgICAgICAgICAgICAgICAgICAgICAgICAgICAgICAgICAgICAgICAgICAgICAgICAgICAgICAgICAgICAgICAgICAgICAgICAgICAgICAgICAgICAgICAgICAgICAgICAgCiAgICAgICAgICAgICAgICAgICAgICAgICAgICAgICAgICAgICAgICAgICAgICAgICAgICAgICAgICAgICAgICAgICAgICAgICAgICAgICAgICAgICAgICAgICAgICAgICAgICAKICAgICAgICAgICAgICAgICAgICAgICAgICAgICAgICAgICAgICAgICAgICAgICAgICAgICAgICAgICAgICAgICAgICAgICAgICAgICAgICAgICAgICAgICAgICAgICAgICAgIAogICAgICAgICAgICAgICAgICAgICAgICAgICAgICAgICAgICAgICAgICAgICAgICAgICAgICAgICAgICAgICAgICAgICAgICAgICAgICAgICAgICAgICAgICAgICAgICAgICAgCiAgICAgICAgICAgICAgICAgICAgICAgICAgICAgICAgICAgICAgICAgICAgICAgICAgICAgICAgICAgICAgICAgICAgICAgICAgICAgICAgICAgICAgICAgICAgICAgICAgICAKICAgICAgICAgICAgICAgICAgICAgICAgICAgICAgICAgICAgICAgICAgICAgICAgICAgICAgICAgICAgICAgICAgICAgICAgICAgICAgICAgICAgICAgICAgICAgICAgICAgIAogICAgICAgICAgICAgICAgICAgICAgICAgICAgICAgICAgICAgICAgICAgICAgICAgICAgICAgICAgICAgICAgICAgICAgICAgICAgICAgICAgICAgICAgICAgICAgICAgICAgCiAgICAgICAgICAgICAgICAgICAgICAgICAgICAgICAgICAgICAgICAgICAgICAgICAgICAgICAgICAgICAgICAgICAgICAgICAgICAgICAgICAgICAgICAgICAgICAgICAgICAKICAgICAgICAgICAgICAgICAgICAgICAgICAgICAgICAgICAgICAgICAgICAgICAgICAgICAgICAgICAgICAgICAgICAgICAgICAgICAgICAgICAgICAgICAgICAgICAgICAgIAogICAgICAgICAgICAgICAgICAgICAgICAgICAgICAgICAgICAgICAgICAgICAgICAgICAgICAgICAgICAgICAgICAgICAgICAgICAgICAgICAgICAgICAgICAgICAgICAgICAgCiAgICAgICAgICAgICAgICAgICAgICAgICAgICAgICAgICAgICAgICAgICAgICAgICAgICAgICAgICAgICAgICAgICAgICAgICAgICAgICAgICAgICAgICAgICAgICAgICAgICAKICAgICAgICAgICAgICAgICAgICAgICAgICAgICAgICAgICAgICAgICAgICAgICAgICAgICAgICAgICAgICAgICAgICAgICAgICAgICAgICAgICAgICAgICAgICAgICAgICAgIAogICAgICAgICAgICAgICAgICAgICAgICAgICAgICAgICAgICAgICAgICAgICAgICAgICAgICAgICAgICAgICAgICAgICAgICAgICAgICAgICAgICAgICAgICAgICAgICAgICAgCiAgICAgICAgICAgICAgICAgICAgICAgICAgICAgICAgICAgICAgICAgICAgICAgICAgICAgICAgICAgICAgICAgICAgICAgICAgICAgICAgICAgICAgICAgICAgICAgICAgICAKICAgICAgICAgICAgICAgICAgICAgICAgICAgICAgICAgICAgICAgICAgICAgICAgICAgICAgICAgICAgICAgICAgICAgICAgICAgICAgICAgICAgICAgICAgICAgICAgICAgIAogICAgICAgICAgICAgICAgICAgICAgICAgICAgICAgICAgICAgICAgICAgICAgICAgICAgICAgICAgICAgICAgICAgICAgICAgICAgICAgICAgICAgICAgICAgICAgICAgICAgCiAgICAgICAgICAgICAgICAgICAgICAgICAgICAgICAgICAgICAgICAgICAgICAgICAgICAgICAgICAgICAgICAgICAgICAgICAgICAgICAgICAgICAgICAgICAgICAgICAgICAKICAgICAgICAgICAgICAgICAgICAgICAgICAgICAgICAgICAgICAgICAgICAgICAgICAgICAgICAgICAgICAgICAgICAgICAgICAgICAgICAgICAgICAgICAgICAgICAgICAgIAogICAgICAgICAgICAgICAgICAgICAgICAgICAgICAgICAgICAgICAgICAgICAgICAgICAgICAgICAgICAgICAgICAgICAgICAgICAgICAgICAgICAgICAgICAgICAgICAgICAgCiAgICAgICAgICAgICAgICAgICAgICAgICAgICAKPD94cGFja2V0IGVuZD0idyI/Pja6BTEAAAAgY0hSTQAAeiUAAICDAAD5/wAAgOgAAFIIAAEVWAAAOpcAABdv11ofkAAAO0FJREFUeNrs3XeYXVX5t/F7epKZ9AKBMBAIJEFpKUSRForSBUSaBQVRsQuCKP7MBAUbKiAiqIj4CoigCIIivYcWegkQUJJQ0uskmZnMzPvH2oEQUqacc3a7P9d1rkkmbeZZJ2d/z1prP6tsZMNMJKkTqoA6oB1YZDkk5dG0ScM69fsrLZmUC9XAEGAYMBDoD/SLPq75WP25OqAn0CN69Ozgv7MUWAWsiB6LgMbox0uAhcAcYC4wD5gd/Xxe9GhxqCRlkYFLyoY6YCSwDbAlUB993BLYNApbpdA7+ti/i39+AfAWMAOYGX2cAbwKTI9+TZIMXJKKpgzYIgpWI4HRwHbRj7fIyPc4IHpsv55fXwa8ArwMPBs9no4CWatPEUkGLkmdUREFqrFrPHYkzGTlWR2wU/Q4ao3PrwCeB55bI4Q9hTNikgxckiJlhBmd8WuEq52AXpamw3quUbs1zQAeBB4GHgKeAJoslyQDl5R95YTZqj2BvYA9gMGWpSjqo8ex0c+bgCeBKcAjwH3ALMskycAlZSNgjYnC1V7A7nR9U7m6pwaYED1Wexm4C7g7+ugypCQDl5QSA4D9gYOBA3AGK8m2jR6fJ/QWexK4HbgFuB9otkSSDFxScuwQBawDgd38/5VKZcAu0eN0wl2RtwE3AzcR+oZJkoFLKvHFeTfgaOAIstOaQe+oi8b2CKANeBS4HvgboS+YJBm4pCLZNQpZRxuycqWcd/Z//ZjQeuLa6PGi5ZFk4JK6b2fgmOgx3HKIcKfpjsAPCO0mrgL+gnc9SjJwSZ2yGfAp4DPAKMuhDVi97+snhFYTfwSuI+wBkyTKLYH0LlXAkYRN0jMIS0eGLXXmNXUv4HLgzejjnoT9fpIMXFLubQX8EHiNsCH6IMLxOlJX1RFmR+8hHDt0KjDQskgGLimP9gFuJByIfBYw1JKoCEYBPwdeB/4MfMCSSAYuKetqCDMPTwJ3AIf6f0ElfO59gnC00KPACdHnJBm4pMwYAkwC/kfYW7OTJVGMxhE2188Avg8MsiSSgUtKs5HA76MLWwOwqSVRwt4ITCbsH7wYGGFJJAOXlCajCftlngNOwqUbJVsv4BRgGqGn146WRDJwSUn2PuBq4FnCfhnvNlSaVADHEfYY3kDobC/JwCUlxg6EY1aeBo71+a2UKwMOAx4iHJw9zpJIBi4pTiMIXb2fAo7yea0MOhh4hNDCZGfLIRm4pFIaBFxE2KP1MezmrWwrI7QwmQpcCWxjSSQDl1RMPYHvAi8DXwaqLYly9rp9PKF7/UXYTkIycElFeL5+lnAX1zlAP0uiHKuO3nC8DJzmGw/JwCUVwp7AY8AfgHrLIb2tH3AeYQ/jAZZDMnBJXTGUsF/lbmAXyyGt1yjg39FjlOWQDFxSR1QCpwIvEfaruCFe6pgDCLNd5+Gyu2TgkjZgPOEW+J8DdZZD6rRqwr6uF6I3LJIMXNLb6oALCI0eXT6Uum9TwpL8rXhGo2TgkoAPA88AX/N5KRXc/oQTGL5NWK6XZOBSzvQFLgNuAbayHFLR9AR+TJhB9mBsycClHNmPMKt1Im6Kl0plLKHFSgNQZTkkA5eyqxdwIWFfyRaWQyq5KmASMAXY3nJIBi5lz07Ru+uv4qyWFLexhLMZT/N6IBm4lB2nEPaPjLYUUmL0IPTsuhXYzHJIBi6lVz/gWuDi6MVdUvLsS7iT8aOWQjJwKX0mAI8DR1kKKfEGAv8AfgXUWA7JwKXkKwO+BdwHDLccUqp8BbgXD4qXDFxKtL7Ru+Sf4W3nUlrtSpid/oilkAxcSp7tCecgHmYppNQbCPyL0ELC64Vk4FJCHAk8DGxnKaRMXScaouA10HJIBi7Fpwz4HnAd4QBqSdnzEcIS41hLIRm4VHo9gauAH2AjUynr6oF7gCMshWTgUulsAtwNHGsppNyoJcxmn24pJAOXim8U4Ry2XS2FlMtrx0+By4BqyyEZuFQcewEPYH8tKe9OJBwJNMBSSAYuFdbHgP/4AitpjTdgDwHbWgrJwKXC+DxwDR75IendtiVsMZhgKSQDl7rn/4BLgQpLIWkdBgJ3AAdaCsnApc4rI2yOPdtSSNqIWuAG4JOWQjJwqXNh6yK8/VtSx1UBfwK+ZCkkA5c2roJwy7cvmpK68mbt18CZlkIycGnDYev3wGcthaRu+BHhFArJwGUJtJ6w9RlLIakAvhcFL8nAJUXKDFuSiuBM4CeWQQYuKfi5YUtSkZxBuONZMnAp174HfNMySCqi04HJlkEGLuXVl3Bjq6TS+D7wXcsgA5fy5hOEXluSVCrnAF+zDDJwKS8OAy4nbJaXpFI6P3rDJxm4lGkTgKsJXaElqdTKgD8Ah1oKGbiUVSOAfwK9LIWkGFUDf4neAEoGLmXKYODf0UdJiluv6A3gCEshA5ey9G7yH76wSfKNoGTgUvFcCuxmGSQlkFsdZOBSJpyKXeQlJdsEwvFi3jktA5dS6SN4pIakdDiO0BxVMnApVYYDVwEVlkJSSkwCjrEMMnApLXoBfwMGWApJKbK6R9dOlkIGLqXBb4BdLIOklL5h/Dsw0FLIwKUkOxH4tGWQlGJbE07EcEuEDFxKpPcDv7IMkjJgf+BsyyADl5KmFvgr9rKRlB3fAQ6yDDJwKUl+CYy2DJIypAz4E1BvKWTgUhIcAZxsGSRl0EBscSMDlxJgc+B3lkFShn0Im6LKwKUYre5Z4+3TkrLuLGBPyyADl+JwMvBhyyApByqA/wf0txQycKmUhgPnWQZJOVIPXGgZZOBSqZQBvwd6WwpJOfNJ4GOWQQYulcJJwD6WQVJOXQJsahlk4FIxDQV+ahkk5dgg4GLLIAOXiulC3DQqSUcAx1oGGbhUDAcBR1kGSQLgAsJsl2TgUsH0wLtzJGlNQ4CfWwYZuFRI3wa2sQyS9C6fAva2DDJwqRC2BM60DJL0HmWEuxZrLIUMXOqucwhLipKk9xoJnG4ZZOBSd4wHjrcMkrRB3yF0opcMXOqS8whT5pKk9euFx53JwKUuOhzY0zJIUod8HJhoGWTgUmdUAT+xDJLUKRcAFZZBBi511BeA7SyDJHXKDsAJlkEGLnVELfB9yyBJXfIDwp4uycClDToFGGwZJKlLNgO+ZRlk4NKG9PSFQpK67TQ8Z1EGLm3AF4BNLIMkdUsf4AzLIAOX1qUHdkuWpEL5CrC5ZZCBS2s7kbD3QJLUfT0JHeglA5feVu0LgyQV5Y3sppZBBi6tdgIwzDJIUkH1BL5hGWTg0mq+IEhScZwC9LMMMnBpb2B7yyBJRdEH+LJlkIFL37AEklT019layyADV35tBRxqGSSpqAYBJ1sGGbjy68uOhySVxGlAlWWQgSt/6oDPWQZJKolhwBGWQQau/DkO75yRpFL6piWQgSt/vmgJJKmkPgBMsAwycOXHzsAYyyBJJXeKJZCBKz9OtASSFIujgf6WQQau7KsBPmEZJCkWPYFPWwYZuLLvIGCAZZCk2NiTSwauHDjeEkhSrN4HfNAyyMCVXX2AQyyDJMXuBEsgA1d2HQH0sAySFLtjfD2WgSu7jrIEkpQI/YDDLYMMXNnTB9jfMkhSYhxnCWTgyp5DCC0hJEnJ8BE8Yk0Grsw53BJIUqLU4IHWMnBlShXwYcsgSYlzjCWQgSs7dgf6WgZJSpyJvj7LwJUdh1kCSUqkalyBkIErMw6wBJKUWAdbAhm40m8LYJRlkKTEOgSosAwycKXbfpZAkhJtIJ6tKANX6tnsVJKSz2VFGbhSbm9LIEmJd7glkIErvbYFhloGSUq8UcBwyyADVzrtYQkkKTX2tQQycKXTnpZAklJjoiWQgSudPmAJJCk19rEEMnClT39gO8sgSamxKTDaMsjAlS7jgDLLIEmpspslkIErXVxOlKT02d0SyMCVLrtYAklKnYMIKxTVlkLdVWkJSmJnSyBJqTMEeBRoAZ4BpkY/nwI8D7RZIhm4kqMvsJVlkKTUqgLGRI+To88tBR4GHgTuBR4CGi2VDFzx2RE3zEtS1vQG9oseEGbBHovC1x3A/cAKyyQDV+m83xJIUuZVAR+MHt8GVhJmv24HbgGeBNotU365ab74RlkCScqdHoTmqecCjwNvAJcDRxO2msjApQIbaQkkKfc2BT4DXAPMAW4FTgE2tzQGLhWGM1ySpDVVA/sDFwMzCRvuT8MbrAxc6rIaoN4ySJLWowyYAJwHvEq48/FUYDNLY+BSxw3HOxQlSR0PX7sCPwdmEDbcfwb3fBm41KHAJUlSZ1UA+xI22r8effRsRwOXDFySpCKpJcx0PUDocP9NYJBlMXDpHVtaAklSAY0GfgHMAv5KaLzqtdzAlXtuepQkFUMN8HHgNuAl4Bu418vAlWNDLYEkqci2AX5JmPW6CPs/GrhyaJglkCSVSB3wZcI+rxuAPSyJgSsvNrUEkqQYru2HEQ7Sfhj4KLYoMnBlWBWup0uS4rUr8A/gCeBIr/sGriwaYAkkSQmxE/A34EngGK//Bq4sGWgJJEkJswPwF+BZ4HhCg1UZuAxckiQVwWjgSuA54Cjc42XgSrE+lkCSlHAjgWsJm+v3tRwGrjSqswSSpJQYTzgs+9/A9pbDwJUmtZZAkpQyBwBPAb/F5t0FVWkJDFyS4lNXU86Q3uUM6FXBwLpyBtVVMLC2nIG1FQyuK2dAbfh5357lTJ3RzNQZTTz2WhNPzmq2eCpmNjgZOA44G7gA8Aln4DJwSUqW/r1CYBpQW87gKEANqC1nSO8KBvSKPt87fL66ouN7lSdu14OJ2/UAoLUdHp/RFAWwEMRWtLRbfBX0/QDwU+BzwNeBWyyJgUuSiqaiDPrXvnfmaVDde4PVwNoKKspL8zWN37KG8VvWvH2Ay/NvtXD1o8u49vFGB02FtB1hb9cNwNeAGZbEwJUkNZZASq6qijIG9CpnYF0IS6uX7sKP1wxW4cdpsP2mVfzg0P6M2aKahpsX0bTKGS8V1EcJdzJOBs4HVlkSA1cS9LAEUon/01WW0b+2nCFRaBpQW8GQaOmuf69oSS8KUP16ZveeoSN2rmWXLWpouHkhD/23ySeGCqkO+BnwKcI+r0csiYFLUgb0qi5jULR8t3oZb1BtxbuC1cDo83U13ni92lYDK/njpwdz4V1LuPjeJRZEhbYj8CBhQ/3/AcstiYFLUsL06VH+nv1PA2rL1xmselTZALs7vjaxD2Pqq/ncn+dZDBVaBXAqcDhhY/1dlsTAJanIwrJdtA8qWsYb0KuCIb3L395wvjpYdebOPHXf7tv04Et79nGmS8WyNXAHcBFwJs52GbgkdeKtaxkMiGagBtVVMCjaE7Vmb6g1g1WFq3mJ9rWJfXh8ZpN7ulQsZcBXCY1TTwCmWBIDV6kstgRKmqqKsnd6QtVV0L82BKlBde8NVgNrTVBZ03Bwfz56yWzvXlQxbQvcC/wAOAdotSQGLikTelSWrdFIs4IBa9yNt/b+qL49DVF5ttXAShoO7sd3blhoMVTsbDEZ2Af4JDDLkhi4isk1bBXM1oMqGVtfw+hNq94TrHpVux9KHXfEzrU8PrPZ5qgqhb2AJ4GTCE1TDVwqihWWQF214+bVjK2vYUx9NePqa+jfy5kpFc5x4+sMXCqVgcA/gIuB04CVBi4Vmq9m6rDdtq5hTH0NY+trGFdfTZV38amItt+0ip5VZZ69qFL6EuEQqqOBaQYuFdJSS6CNGdCrnIZD+vPh0T0thkpqbH0N97+y0kKolHYAHiUsMf41b9+86xTF412K2qB9R/bkhlM2MWwpFuO2rLYIikMd8Bfg5+Rs0scZruKZbwm0Pqfv35eTduttIRSbsfU1FkFxKSN0qB8LHAXk4hgEZ7iKx/uu9R4jN6ni6hOHGLYUuzEGLsVvL8IS444GLhm4VFANB/dnly1cylH8Kspg52E+FxW7rYAHgI8ZuNRVKwAPLtPbTt+/r2FLiTJuS2e5lAh1wLXAdwxc6qq3LIEgbJB3GVFJ4z4uJUgZcC5wGVBl4FJnvWEJFFo/9LMQSmDgcsZViXMi8G+gj4FLnTHbEqjhkP4MrquwEEqcFo8VVjLtC9wHbGbgUkfNsAT5ttvWNfbZUmItXdlmEZRUOwIPAqMNXOqI1yxBvh03rs4iKLmBq8nApUTbErgXGGPgkoFLG2SvIyU6cDnDpeQbBNwJ7GbgkoFL67TVwEoG1vpfTEkOXB5erVToC/wH2MfApfV5BfAVLafGObulhFviDJfSow64CTjIwKV1WQ7Msgz55C33SjqXFJUyPYHrSWlXegNX8U2zBHkNXM5wKeGBq8kJeKVONXANcLyBS2t72RLkz6C6CuoHVFoIJZpLikqpCuBPwMcNXFrTs5Ygf8a5nKgUcElRKQ9dVwJHGLi02jOWIH9cTpSBSyq6KuAvwIEGLhm4DFxSggOXe7iUetXAdcCHDFxajEf85E7vHmUWQYnnHi5lRC/gZsJxQAaunHvCEuRLnx7+11LyuaSoDOkL3A6MMHDl21RLkC+9DVxKQ+CyLYSyZTDw7+ijgSunHrUE+VFbXUa5K4pKuLZ2WObh1cqeEcA/CcuMBq4ceswS5IfLiUoDlxOVYROAq5OWcbwylMY8bICaGy4nKhWBy9ktZdthwDkGrnx6wBIYuKSkWGJLCGXfmcDJBi4DlzKqjy0hlALLXFJUPlwE7GHgypcHLUFeApf/rZR89uBSTlQDfwOGGbjy4wXgLcuQfXUGLqWAm+aVI4OBfxDznYteGUqnHbjLMmSfM1xKReCyB5fyZSxwsYErP+60BHkIXO7hUvK5pKgcOgH4vIErHx6yBNlXV+N/KyWfS4rKqQuAMQau7OoNfBe421Jkn0uKSkfgcklRudQDuA7oY+DKlp7AacCrhAZsAy1JDtK1gUupCFzOcCm3hgOXGLiyoZKwTvwScB4wyJLkh3u4lIrAZad55dtxwEkGrnQ7AngGuJQE9P1Q6TnDpTRw07zEBcB2Bq70GUdo+/B3YJTlMHBJSeYeLola4E+EVSkDVwoMBS4DHgH2thxySVHpCFzOcEnABOAsA1eyVQPfIuzTOhHwKit6VJVRWe5TQQYuKUW+R2iMauBKoH2Bp4GfAXWWQ6vZEkJp0NjcTqsritJqlcDlhIkUA1dCDAWuAm4HRloOGbiURs5uSe+xA0VeWvTq0DFlwCmEA6iPsxxan97u35KBS0qr7wA7GbjiMxK4l3DoZV/LoQ0GLo/1UQrYEkJapyrgt8XKRl4d1q+ScBzPk8DulkMdClwuKSoFbAkhrdeuhBWtooQKvddowga6CZZCneEeruxqaW1nwfI25i1rZd6yNhYub+PwnXqlM3DZZV7akHOB64E3DFzFUw6cCvyAcMCl1Cnu4UqXlavaWdDYxtylrWuEqdZ3BasFjW3Ma2xl8Yp3h5T6/pWpDVwuKUobfu9M6ELwCQNXcWwBXAFMtBTq8v9SZ7hit7y5nbnLWpnf2MaCxlbmRGFqXcGqsbnrS2tpXj5207y0UccRDri+z8BVWMcAvwH6WwoZuJJnycq2MNu0vJW5S9uY39gaAtQ6gtXKlvYSjXV6ZzPdwyVtVBlwIeHYvlYDV/f1Ai4CPutzS4VQ55Jih81vbGPh8rBs995lvFbmNUafb2yjOYFdOuuc4ZKybmfgc8ClBq7ueT/wV8IGeakg8jzD1doOC6KZp3eW8VqZs/TdwWp+Y5ipam1zrGMLXG6alzpqMnA1sMTA1TUnAb8CevpcUiFlrS1ES2s786OZpnmNbSxsbGXusneW9NYMVvMb83URT3PgWuKSotRRmwBnEM5bNHB1Qg/g14TDpqXCB66UNj6d39jKb+5d+s4MVLQ/yrvZNhSu07yHy3GVOuFUwj7v1w1cHTMc+Buwi88dFUtaN1IvWdnOnx9Z5gDmIFwbuKRO6wl8H/hCd/6SvGw42Rd41LClol+EU7rM5ExWfsZ6dcCW1CmfBbYxcG3Y14FbgIE+X1RMNZVl1FSmc4ZrmYGr0/q4pCjlSRVhA72Bax2qgcuA87H9hUqgrsYZjzxJ6wxX06r2RLbZkFLgOGCkgevdBgC34uZ4lZAzHgYux1rKtHLgLAPXO7YFHgL28rmh0gYu+zI53mkYa2e3pG44LsoZuQ9cE4ApXS2G1B11qd5EbeDqrN6pvSPVsZa6oRL4dt4D16HAnbg5XjFJ85LikhXOenQ6cNW4pCjl1KeAzfIauE4CriecjSjFcwF2STFH4TrNPbgM11I3VQPfzGPgOgP4HVDhc0BehLt6ETZw5SZcO9ZSIXxu1ORZdXkJXGXAj4CfRD+W4r0I17iHKz/husyxlvKtH6EZauYDVxnhTMQzHXMlJnClui2Ey0ydG2uXjyVxyqjJszr8wp/GV41y4FLgFMdaSeKSomOdBt4gIRXMaODDWQ1cFYTu8Sc7zkoa20LkaKxrUjyb6QyXVEhfzmLgKo/C1mccXyVR35QGrlVt7axocdajM5zNlBQ5cNTkWVtkKXCVAb8FTnBslVRp3cPl/i0Dl6Quq6SDxwim4VWjDLiI0GtLSnDgshFmXqR7+diALRXYZ0ZNnrXRF4U0vGqcC3zJ8VTSpXXWw/1bXRlrDyqX9Lat6MD5zUm/QpyJrR+UApXlZfSsSumSoocZd5ptISSt5VNpDlwnE2a3pBRcgJ3xyJO0zma2tsHyZgO2VARHjZo8q1caA9dhwG+wg7xSE7hsCZGr8a5x+VjSu18WgEPTFrgmAFfj2YhKEe9ay1vATuvysWMtFdGRaQpcI4B/Ar0cN6XqAlzjsT4GbMO1lHMHjZo8q0caAldf4EZgsGOm1AUulxRzpS61gctwLRXzpYENHPWTlFeNCuBKwrlEUuq4pJgftdVlVJQ51pLW6YikB65zgYMdJ6VVutsEOOuRl3DtbKZUdIeNmjyrKqmB65PAGY6R0h24bAthuDZcS2IA62mCGvcrxwTCGYlSqjnrYeAyXEuKHJ60wLUZcB3Q07GRF2EDV3rCdZljLWlDPpKkwFUJ/AUY5rgoE4HLthCG61SMtYFLKoERoybP2iYpgescYA/HRF6E49XWDstshpmjwGW4lkrkw0kIXIcCpzsWypK07uEybOVnrMFO81IJ7Rt34BoG/BHPSJQX4URwT0/npXv52PGWSmSvUZNnlcUVuCqAPxFumZQypS6lG6mXuMTU+cCV6hskHG+pRAYB28cVuM4AJjoGypryMuhdk9IlRWc8Os1TBSR10F5xBK5xwGRrryyqq7ElRJ7YAkRSB32w1IGrB2HfVpW1VxY545G3wJXO5WM3zEsl94FSB64fAu+z7spu4EpzI0z39OQlYNsSQiq5EaMmzxpcqsD1IeAb1lxZ1ts2AY53KgKXYy3FYGwpAlcN8DvC3YmSF2AvwtkY75q03pHqWEsxGFOKwPU9YLS1loEryRdhl5k6o0dVGVUVKd3DZeCS4rBzsQPX+4FvW2flQZr3cNkWorNjneblY8O1lLXAVQb8Cu9KVE70ti2EgSsNgcuxluKwzajJs3oVK3AdB+xtjZWbwOVFODfqatJ8R6pjLcWgHBhZjMBVB/zU+ipPbAuRp7FOc7h2rKWYjC5G4DoL2NzaKk9sC+FYpyNwOdZSTEYVOnBtC3zTusqLsBfh7I51emczDddSbLYtdOD6JaH3lmTgSoFlTW20ucrUKW6al9QFWxUycB0AHGxNlc+LcFr7Mpm28hS43K8nxWbrQgWucuDH1lN5lda2EN611oWxdoZLUucNGTV5Vm0hXj0+CexkPeVFOGUXYPf0dGGsU7yHy8AlxWnz7l4pqoGzraPyqq6mnPKUXoNdUuw8lxQlddFmld38C04CtrSOyqvePWyEmWVD+1Sw1cBKNutXyWZ9K1K7fLyypZ1V3iEhpTZw9SD03ZLyG7hq3NOTFVUVZYytr2ZsfQ27bFHN+4ZW079XeSa+N8O1FLtNuxO4TsYmp8q5vj0NXGnVv1c5Y+trGFtfzZj6GnbavDqz36v79aTYDepq4KoGvm39lHfpPlsvX0tMw/pVMm7LEK7G1lezzaCq3Hzv7teTYjewq4Hr0zi7JdkIM+G2H1rFge/rxWE79mKT3hW5fZ66pCjFbkBXAlc5cIa1kzxHMZGvar3KOXpsHZ+aUMfA2nKfpLh8LCVA/64Ero8RnQsk5Z0zXMkxYasajh9fx0e27+kTcy3OcEmx69WVwHWqdZOCdLeFyMa+nn1H9uR7B/VjaJ8Kn5DrDdfu4ZJiVtfZwPWB6CGJdC8ppn3WY+9tezDpkP4GrQ4FLme4pLgvF50NXN+0ZtI70rykuCylF+Fh/So5fnwtJ+7W2ydgRwOXbSGkuJV3JnANBY6wZtI76mo86qWUjh5by/8d2I+qijKffJ0JXC4pSrFfLjoTuE4CqqyZ8qymsoxh/SrZrF8Fm/SuoE9K93CtSNlRL3tt24OGg/sztK/Lh10L185wSTGr6GjgqiB0lpdyZetBle866mXkJtl4z5GmPT3f2KcPX9yjj0/GnIy3lFUdDVwHAvWWS1m34+bhLL0x9dWMq6/JzFl6a0vDjMfWgyppOLg/u25V4xOz24HLJUUpLYHrREulrCkDPrh1TXTUSw3j6qtzszco6Rfgo3appeGQflSWu1crLwFbMnDBYOBgS6UsGNq3gv1H9WTiyJ58cHh+Z06SfAH+wh69+eY+fX2yFjJge5eiFLfmjgSu4wiHVUup9bFdavnKXn3cdL36ApzQwHX+xwdygJ3iC6qltZ2VLS4pSjFb0ZHA9WnrpDTaelAlx4+v4/jxdbgy9W5Jm+EaWFvOL48a6H6tYoTrJsOWlADtGwtcI4Gx1klpstPm1Rw3vo7Dd+plMdZjWYIuwiMGV/HDw/qz8zAn0osSuNy/JSXife7GAtex1khpMXKTKo4fX8cxY2stxsb+5yfkIrzlgErOOaw/Oxm2Mj/WUt7f524scH3cGinpelaVcfz4Ok7f343WaboI964p50eHDzBsFZktIaREaNxQ4BoJvM8aKckO36kXZx3Yj9415RajUxfh+APXBUcPZMwWhq08jLUklm4ocB1ufZRUfXqU8639+nK0y4ddvAjHO+vx/YP6sdvWbpAvBZcUpURYsKHA5UHVSqT9R/Wk4ZB+DKy1xUPXA1d8F+Gjx9Zy/Pg6B6FEltmDS0qCeesLXJsB462PkuaM/fty4m69LUQ3xTXrMWJwFQ0H93cASjrW7uGSEmDu+gLX/oCbYpQYozapouEQWwcUSly9mRoO6WdPtFKPtUuKUhKsd4brIGujpDh+fB3fP6ifhUj5RfjUffsyrt59WwYuKZdeX1fgqgD2szZKgrMP7c/RY9wYX0hNq9ppWlXaGa6J2/Xg87u7FBwHN81LyQ1c44EB1kZxqq0u48KjB/KhbXpYjAKLYxN1wyHu24pvvN3DJSXAG+sKXHtbF8Vpk94V/OKoAYx1+akoSr2J+thxtWzS2ztK47J4hTNcUtz/DadNGrbYwKVEGVxXwS8/bkPM4gau0l6AT9+/n0WP0VLbQkhxexXeeydiFbC7tVEcysvgF0cNMGwV+wJcwsB15M611FZ7W2K84+2SohSzV9YVuHYC3KGsWPz62EGM39JlxCxdgL86sY8Fj1E7Nj6VEmCdM1w2O1UsvjaxDxO3c4N8aQJXaS7Am/WtYGgf927lYawlbdCLBi4lwlG71PKlPZ0JKZVS7eHypof8jLWkDXrewKXYbT2okoZD+lmIEirVJupxLg/HP9bu35KS4IW1A1cdMNq6qJQaDu5PpWe9lNSSFaW5CI+t9+aH2MfaGS4pbrOmTRq2eO3ANYbQZV4qiW/s04ddt3IWJIsX4T49yhkxuMpix2z2klaLIMXrydU/WDNwuZyoktlr2x58cQ/3bcWhFHetObuVDNPntlgEKV5PGLgUq4aDPeolLqWY4XL/VjI8PqPZIkgJDFzbWxeVwlG71DK0r6vXcSnFRmrvUEzIK/2sJosgxfy+Z+3AVQmMtC4qhTM+3NcixBq4ijvDVVEGOw9zSTFuT81qptU981Kc3po2adhraweuEYCvkCq6Q3boRZ8e5RYiRsVeUtxlC2e3kmDqDGe3pJjdv+ZPVl/5nN1SSZy2n7NbcVrV1s6KluIuKY5xw3wiPOb+LSluU9YVuEZYFxWbR73Eb0kJ9m/ZDiIZnOGSYnffugLX1tZFxeZG6vgtK8EdioPqXDKO2/S5LSxe4QYuKUYLWGPDvIFLJWWrgPiVoiVEm6fJxM52EFLs7po2aVjrugLXcGujYrMZZhICV/HT0MLlzqzE7TGXE6W43b72J1YHrs2tjYrJo16SYc7S4h/18tJsu5vHbaozXFLc7lhX4OpLOLhaKhpnt5LhlRIc9eJm7Xi9taSV1xetshBSfP43bdKwl9cVuDazNio2928lw5Ozij/z8fjMZtzGFZ/Lpyy1CFK8bl/XJw1cKgnvUMxP4AJ47DVnueJy1aONFkGK13/WF7gGWBsVk0e9JMPTrzfT0lqauSfvkovHL+5YXLIxlrROTcAt6wtcg62Pimlnj3pJhFLurXIfV+ktb253dkuK323TJg1btr7ANcj6qJjcMJ+UwNVcwn/LwFVqk29eyLImW3JIMfvH+n6hHOhnfVRM2w2xHUQyAlfpQlBjczsvvGV7iFK5ZmojNzy93EJI8VoF3LChwFVrjVRMQ3p7fmLcXp23quQNSR93lqsk3lzcytn/WmghpPjdNW3SsHkbClz24JIyLo4lPptvlkbDzQtpdSVRSoKrNvSL5UAfa6Ri8hDdfAauh/+30sIX2SX3LeGel62zlADLgb9vLHC5pKiienmue3niD1yln22a39jGvdMNA8XyyP+aOP/OJRZCSobrpk0atmRjgcsdzcrcxV7vmLO0lZkL4znq5apHlzkARbCqrZ2Gm923JSXI7zf2G8qtkYofuNw8Hac/PhRf6Ln7pZX84ynvniu0hpsW8eo8z0uUEuJF4P6OBK4ya6ViWtnSznNvOssVl7hnma54yLP9CuncWxZx3RM2OJUS5PJpk4Zt9IgHN82rJFxWjMcv7ljMypZ4j3p54a0WfvCvRQ5GAVxy3xL+9LDLtFKCrAL+2JHfWE7YWS8VOXC5rFjyV4G2dq5OyFEvVz66jJue8aWmO35y62I3yUvJc9O0ScNmdzRweQuZShC4nOEqtR/8axFLE3TUS8PNi3hjcasD00mtbfB//1zI5VNcmpUS6JKO/kY3zask5i1r5bUFbvItlX89t5xrpiZrn8+ypjYabvLOus549LUmDvvNbK593D1bUgI9D9zamcBlV0qVhMuKpTG/sZVz/r0okV/bvdNXcsl9Lot1xOVTlvKpP87llXkuQkgJdXFHNsuvGbicp1aJApfLiqXQcNMi5jcm933U+Xcu4bZpKxyo9VjV1s73blzIT25dbDGk5FoEXNGZP1AOeMuLSuKh/zrDVWx/eHBpKsLMV6+Zz+2Grvd45H9hCdG2D1LiXTRt0rBO5SfvUlTJvL5oFW8tcdN0sTw5q5mf3paeWZGvXDPfTvRruOS+JXz6irk2NJWSbwVwQWf/UDngWymVzM9uc5mkWNK4If3sfy1i8s2Lcj1uby5u5QtXzbPlg5QevwfmdSVwLbB2KpWbn13O7KXOchUjuEybnc7N1Vc/toyPXjKbJ2bma4/fipawV2vi+W9yz8se8i2lRDNwXlf+oIFLJWdrgMK69L6lqV+ae3F2C8f9YQ6XPZiPe3h+cutiPvjTN9yrJaXPZcAMA5dS4a6XVvLb+705thCufGQZv7wzO8u0P7ttMV+5Zj7zlmVvFrStHS6+dwm7//xNLp+ylJWr2n0CS+nSBJzb1T9cCcyxhiq1X9yxmDH11Yyrr7EYXXT5lKWZbB1w+7QV3PniCk7arTen7dc39d/P/MZWLrp7KVc/5g0CUsr9DpjVncA12xoqDg03LeLGUzahvMxadNaP/7OIPz6U3Qt4Wzv87oGl3PPySo4fX8ex42pT9fU3Nrdz49ONXP/kcp5+3f5zUgYsA37Ynb+gbGTDzCGGLsXl6LG1nH1IfwvRQc+/2ULDzQtzdxHv17OcY8bV8qld6xhUV5HIr/HNxa3c/Oxy7npppacqSNlzNjBpzU9MmzSs04GrDFgJVFtPxaHh4P6pm8GIw/VPNvKdG7zhYMTgKnbfpoax9TWMqa9hYG08R8K+PKeFqTOaeWxGE1NnNPGmB3NLWTUH2BZY0p3AVQm0A28CW1pTxRK4bl5I/YBKdtva/VwbqtFfHvOONoDpc1uYPrfl7SXV4QMrGVtfw9j6asbW11A/oLIo/+4TM5uZOqOJx2Y08fiMZpas9BhaKSfOWjtsdUXZyIaZAHcBe1tTxaWiHC775GA+MNzQtabHZzbTcNNCXprjAcYdNbiu4u3wNba+hu2HVnXqzzc2tzN9bgsvz2nhmdebmTqjmVfntdDmTYVSHj0GTADe8w6rK0uKEPpKnGhdFbcLPj6Qj2zf00IAv39gKefdbmf+7qosL2OL/hUM7VvJkN7l1FSW0bMq3KmxoqWdplXtLFrRxuwlrcxd1pbJlhSSuqQd2A14aF2/2JUlRYBXrauS4OvXzufE3Xpzxv59c1uDuctaabhpEXe86OHOhbCqrZ3/zl/Ff+d7RqGkTvnT+sJWl978GbiUNH94cCmPz2ii4ZD+jNqkKlff+w//vYg/P2K/JkmK2RLgzEL+hatv73ne2ipJnpzVzOGXzE79kTWdCZn7XfCWYUuSkuFs4K1C/oWrZ7heImwIK7fGStQz/l+LeGJmMw2H9Ke2OnsdUq99vJGrH13G82+5KV6SEuIZ4MJC/6WrA9cK4DVguHVW0vzzmeU8PrOZz3ygjk9NqEv997NyVTt/nLKUqx5tZM5SN2hLUoK0Ap8HCv4ueM2GNc8ZuJRUry9axTm3LOL+V1bScHB/hvatSN33cPu0Fdzw9HJue8HN8JKUUL+mgBvl1xe4ngIOsdZKsnteXsnE899k9KZVHDuujiN37kVVRTKXGhetaOPel1dy10sruPPFlTStspGTJCXYfwlNToti7cAlpcILb7Uw6aaFTLppIbtv04PdR/RgbH01O2wW3wlVsxatYuqMZqa+1sTUGc28Ms99WZKUEm3AZwmHVBc9cD1uvZVG97+ykvtfWQlAdUUZ47asZkzUZXxsfTXVRZoBmza7hakzmpj6WjjyZbb7sSQprS4E7inmP7Bm4HoVWAAMsO5Kq+bWdh58tYkHX216+3M7bl4dHXRczZgtunbY8RuLW5k+952jXp6a1URjs0uEkpQB04DvFvsfWTNwtQMPAwdae2XJ06838/TrzVw+Jfx8SO8KRgyuYpM+FQysLadfz3cC2Kq2dpY3t7N4RRuzl7Yye0krMxe2sqzJg4olKYvv04HjCd0aSha4IOzMN3Ap0+YsbbUdgyQJwszWE6X4h9ZeW5li7SVJUg7cBvyiVP/Y2oHrIcATXiVJUpa9CXySsJ0qlsC1FHjMcZAkSRnVChwHzCnlP7qu27XudSwkSVJGfZcit4DoaOC627GQJEkZdB3wszj+4XUFrnuAJsdEkiRlyHOEbvKxNFFcV+BaDtznuEiSpIxYDBxOEY/u6UrgArjVsZEkSRnQChwJTI/zi1hf4LrF8ZEkSRnwVeDOuL+I9QWuZ4BXHCNJkpRiv4kesdvQKb43Ok6SJCmlbiTMbiWCgUuSJGXNw4Tmpok5OHdDges+StyFVZIkqZumA4cSui4kxoYCVyvwd8dNkiSlxCxgIjA3aV9Y+UZ+/a+OnSRJSoG5wAFR6EqcjQWue4C3HENJkpRgi4GDCN3kE2ljgasNuNpxlCRJCbUsCluPJfmLLO/A77nCsZQkSQm0nLBB/sGkf6EdCVxPRQ9JkqQkha2DgbvT8MWWd/D3OcslSZKSohE4MC1hqzOB6/8BTY6vJEmK2ZIobN2bpi+6o4FrHvA3x1iSJMVoHrAPoTl7qpR34vde6jhLkqSYvAHsCUxN4xffmcB1H/C84y1JkkrsJeBDwAtp/QY6E7jagfMdc0mSVEIPR2Hrf2n+Jso7+fv/DCxw7CVJUgn8C9iXsHcr1TobuFYAf3D8JUlSkf0aOIzQAiL1yrvwZ34JNPs8kCRJRdAKnAp8JfpxJnQlcL0BXOnzQZIkFdgS4HDC5E6mlHfxz51H2EQvSZJUCNOBDwI3ZfGb62rgeh643ueGJEkqgNuACWS4/VR5N/5sA9Dmc0SSJHVRO/AjwlE9me6C0J3A9Qxwrc8VSZLUBUuAI4DvkqHN8cUIXACT81AkSZJUUE8A44Ab8vINdzdwvQBc7fNGkiR10EWEzfEv5+mbLi/A3zEZWOXzR5IkbcAC4Cjgq0BT3r75QgSu6cAVPo8kSdJ63AnsBPwtrwUoL9Dfczbh2B9JkqTVmoBvA/sDs/JciEIFrhmEZqiSJEnwzsb4n2IbqYIFLoAfAzN9fkmSlGurCCtfE4BnLUfhA9dy4ExLKklSbj0MjAUmAS2WoziBC0KLiAcsqyRJubKUcPfhbsDTlqP4gasd+Aau1UqSlBc3ANsT+mt5/S9R4AJ4DLjc0kqSlGlvAB8DDifndyDGFbggnIu0wPJKkpQ5zYTOBCOBv1uOeAPXHOAMyytJUqZcD7wPOB1YZjniD1wAfwDuscSSJKXeE8BE4EjCCTNKUOBqB74ArLTMkiSl0rzoWj4OuNtyJDNwAbxI6MUhSZLSYxmheek2wG/x7sPEBy6AnwOPWGpJkhKvGbgwClqTgCWWJD2BqxU4EZcWJUlKctC6BBgBfJ1w85tSFrgAngPOstySJCUuaF0KbAecgmcipz5wAZwP3GXJJUmKXSPwS2Br4IvAa5akuCpL+G+1AScATwH9Lb0kSSU3D7gY+FX0Y5VIeYn/vZnASZZdkqSSmg58CdiSsBnesJXxwAWhS+3Fll6SpKJqB24HPko4huc3wHLLkp/ABXAaoWutJEkqrKVRuHo/sD9wI/bRil1lTP/uSuBYQn+uvg6DJEnd9hihSenVeM6hgWsNLxH2c10LlDkUkiR12hzgL8AVwOOWI7nKY/73/wac5zBIktRhKwmTFYcCwwiNSg1bCVeZgK/hO8BYYB+HQ1IOtRPuINvWUmgjz5P7gCuBa4DFliRdyhPwNbQS9nO96nBIyqGfEbp8DwfOAB6NLq5SaxSyvkloULoXYY+WYcvA1WVzgcMJnW8lKS/u551jz/4Xha9dCb2SvgzcRjh6RfnRDPwb+AKwGbAn4aSW/1madKtM0NfyDHA88A/cRC8p+94izO6vWsevzST0K7yYcCf3AcBBwIHAYEuXOYuA/xDaN9yMM1gGrhK4Efgu8COHRlKGNQNHAa934PcuJuzZuYawKjGW0FtpP2A3oMZypk4b8GQUsm4BHlxP8JaBq6h+DNQTTi2XpCz6OvBAFy/Uj0aPc4FewO7AvoSlp3EJfV0XvAjcGT3uAuZbEgNXEnyNcAyBdy5KyprfAJcU6O9aDtwaPQBqCbNeewATCPvB+lnykmsCphJmru4DphD2KsvAlTirgCOjF5FdHSZJGXEn8I0i/v2NhI32t0U/LyO0mxgfvZaOB3YBejgUBTWDcFzdA9FjahS6pMQHLgj7Fg6J3iGMcKgkpdz06I1kKe86bCec6vESoX8TQBWwQxS+dox+vAPOhHVEC/A8Yf/V08BTUdBaYGmU5sAFYQr2wOgdwxCHS1JKrX4tS8LdZy2EruRrdyavB0YDo6LHSEJ/sM1zOF6LooA8PQqrL0dB61ls06GMBq7V7wr3I0zFD3LIJKXMcsIRLNMT/nXOiB7/WevzPYBtosdwYKsonA0DtgA2JX2tfBYT7hB9I3rMXCNcTSecTyjlLnBB6NF1AHAHoSeNJKVBK3Ac8HCKv4eVwHPRY12qCL3BNo0eQ6KfDwAGRo8+QH/CXZW9op/XRX+2uxYBy6JHI7CQcAfggugxn9Dz7PXo46woBEsGrvWYSpiSvzX6jypJSdZO6BZ/Y8a/zxbemSnqrKq1Xs/7se7ZsjbevRy7OPqcZOAqkimEqfmbo3dJkpRU3wUutQwbDWsL1/j5QkuirCpP4dd8N/Ax3LgoKbl+QmjiLEmpDVwQjkL4uKFLUgL9BviOZZCUhcAFYV/EEYQNnZKUBJcR9m21WwpJWQlcAP8CDsM7TiTF7wrgC4YtSVkMXBCOsDgQWOJwSooxbJ1EaAMhSZkMXAD3AhOB2Q6ppBK7DDjRsCUpD4ELwjEVewKvOaySSuQS4GTsCSUpR4ELwrEMHyJ0ppekYvoJ8CXcsyUph4ELwvENexDOXpSkQmsntH0407AlKc+BC8KxDwcCVznEkgqoFfgiNjWVZOB6WzPwSeAHvguVVADLgSOB31oKSQaud2sHvg98GmhyuCV10XxgX7J/ELUkA1e3/BnYD5jjkEvqpJeBDwIPWQpJBq6Nux8YR2gfIUkdcQ/wgSh0SZKBq4NmArvjZnpJG3c58GFggaWQZODqvBXAJ4BTgRafApLWsgr4JqF7fLPlkGTg6p5fAvsQ+nZJEoTN8QcA51sKSQauwlm9r+sunwpS7j0BjAfusBSSDFyF9xbhDsbvEZYSJOXP5cBuwH8thSQDV/G0AecQDr/2BVfKj5WEw6dPjH4sSQauEpgC7AxcbSmkzJsG7Ar83lJIMnCV3hLgeOAEYKnlkDLpj4T9m89YCkkGrnj9CRgDPGwppMxYABwDfBZotBySDFzJMB34EHAGoX+XpPS6BXg/8FdLIcnAlTytwM8Ie7sesBxS6jQCpwAHAW9aDkkGrmR7iXAX49dxKUJKi9U3wlwCtFsOSQaudGgDLgR2xGapUpKtBM4C9iBsDZAkA1cKvQrsC3weD7aVkuZOYCfgXMKWAEkycKVYO/A7YBRwBS5XSHGbR2jnsh9hC4AkGbgyZC7wGWBv4DnLIcXy5ucKYDShnYtvfiQZuDLsXsLm3C8DiyyHVBIvEZb3P0OY4ZIkA1cOrAIuBraNPnoYtlQcy4DvADvgDSySDFy5NY8w07UjcL3lkAqmnbBsuB3wY6DZkkgycOkF4EhgN2yaKnXX3dH/pROwgakkA5fWYQqwO3AE8LzlkDrlxeiNy0TgIcshycCljfkHoT/QycDrlkPaoNeBLxDOP3RpXpKBS52yCvg9MIJwTNAblkR6l3mEA+O3BX6LN59IMnCpG1YSjgkaAXwD96RI84HvAdsQDoxfYUkkGbhUKCuAC4DhwCnAfy2Jchi0zor+D5wDLLEkkgxcKpYm4BLC7e6fBJ6xJMq4N4FvAVsRzj1cakkkGbhUKquAKwmb6w8AbsOjSpQtLxIOfh8O/JzQxFSSDFyKRTvwH+DDUfi6nLDvS0qru4DDgO0JB783WRJJBi4lyTPAicAWhONMZlgSpcQK4A/AWGAf4J9Am2WRZOBSks0jHGeyNXA4cCPQalmUQC8CpwKbAycBj1sSSXlWaQlSqRW4IXpsBnwa+BzhdnopLi3Rm4CLCcuH7j2UpIgzXOn3BmHWa1vC0SdXYv8ildarwPeBLYGjgDsNW5L0bs5wZUc74XDfu4H+wPHAsYTDfg3WKrRlwHWEmznuM2BJkoErjxYCv44ew4CjgWOAXS2NuqGFcOfs1YSlQ9s5SJKBS5FZwC+ix3DCrNcxhFYT0sa0AvcAfwWuBRZYEkkycGnD/gv8KHqMAo4EPgqMB8osjyIthE3v1wHXE+6OlSQZuNQF0wjHqZxLuNPx0OgxEehleXJnIXAL4c7XW4DFlkSSDFwqrDeAS6NHD2BPwrFCBxJmwpQ97cCTUbi6BXiQcKyUJMnApRJYCdwaPU4ldLffj9AlfD9gU0uUWq8DdxDaNvwHeMuSSJKBS8kwk3Dr/+XRz0cDe0SPvaJApmR6lTBz9QBhT9aLlkSSDFxKhxeix2+jn9cDHyK0nPggsDNQY5lKrgV4bI2ANQVnsCTJwKXMmBE9ro5+XkNoOTEmeowFdgCqLFXBtBFmq54gnFH4SBS2PGFAkgxcyommKAA8ssbnqoCRhOXI90cf30c4jsggtmELgGeAZ6OPzwBPY9NRSTJwSWtpiQLDs4TmmWsGsW2j8DWacPj2VtFjc6AiJ/VZQdhv9QrwMmH26iXC0u0cnz6SZOCSuhvEno8ea6siHEu05RohbDihZ9gQYBAwmOTPkDVFoekN4E3C8utMwh2DM6Kg9aZPBUkycElxhbH/Ro8N6bdWAFv9sR9QC/QE+gB1hIaudYSu+v3W+nv68s4h30sIR9pAmH1aGf14FbA0+riI0Bx0EaFp6OI1fr44+txb0UdJUs79/wEAx5cP9dDXH54AAAAASUVORK5CYII="><br></div>', 2, NULL, 3, 'MediaSpot', '', '', '', '');

-- --------------------------------------------------------

--
-- Estrutura da tabela `Menu`
--

CREATE TABLE IF NOT EXISTS `Menu` (
  `MenuId` int(11) NOT NULL AUTO_INCREMENT,
  `Titulo` varchar(255) COLLATE utf8_bin NOT NULL,
  `Url` varchar(255) COLLATE utf8_bin DEFAULT NULL,
  `Icone` varchar(70) COLLATE utf8_bin DEFAULT NULL,
  `Pai` int(11) NOT NULL DEFAULT '0',
  `AplicacaoId` int(255) NOT NULL,
  `Posicao` int(255) NOT NULL DEFAULT '0',
  PRIMARY KEY (`MenuId`)
) ENGINE=InnoDB  DEFAULT CHARSET=utf8 COLLATE=utf8_bin AUTO_INCREMENT=27 ;

--
-- Extraindo dados da tabela `Menu`
--

INSERT INTO `Menu` (`MenuId`, `Titulo`, `Url`, `Icone`, `Pai`, `AplicacaoId`, `Posicao`) VALUES
(1, 'Início', 'home/', 'fa-home', 0, 1, 0),
(2, 'Painel de Controle', '', 'fa-dashboard', 0, 1, 1),
(3, 'Configurações', '', 'fa-gear', 2, 1, 0),
(4, 'Menu', '', 'fa-indent', 2, 1, 1),
(5, 'Aplicação Atual', 'menu/cadastro/', '', 4, 1, 0),
(6, 'Todas as Aplicações', 'menu/', '', 4, 1, 1),
(7, 'Cadastros', '', 'fa-edit', 0, 1, 2),
(8, 'Aplicações', '', ' fa-th-large', 7, 1, 0),
(9, 'Pessoas', '', 'fa-users', 7, 1, 1),
(10, 'Pessoas', 'pessoa/', '', 9, 1, 0),
(11, 'Perfís', 'perfil/', '', 9, 1, 1),
(12, 'Usuarios', 'usuario/', '', 9, 1, 2),
(13, 'Vínculo de Usuários', 'usuarioaplicacao/', '', 9, 1, 3),
(15, 'Nichos', 'nicho/', '', 8, 1, 1),
(16, 'Início', 'home/', 'fa-home', 0, 3, 0),
(17, 'Mídia', '', 'fa-headphones', 0, 3, 1),
(18, 'Artistas', 'artista/', 'fa-star', 17, 3, 0),
(19, 'Músicas', 'musica/', 'fa-music', 17, 3, 1),
(20, 'Site', '', 'fa-cloud', 0, 3, 2),
(21, 'Destaques', 'SiteDestaque/', 'fa-thumb-tack', 20, 3, 0),
(22, 'Menu do Site', 'MenuSite/', 'fa-indent', 20, 3, 1),
(23, 'Ranking', 'RankingSite/', 'fa-trophy', 20, 3, 2),
(24, 'Usuários', '', 'fa-users', 0, 3, 3),
(25, 'Aplicações', 'Aplicacao/', '', 8, 1, 0),
(26, 'Sites', 'site/', '', 8, 1, 2);

-- --------------------------------------------------------

--
-- Estrutura da tabela `Modulo`
--

CREATE TABLE IF NOT EXISTS `Modulo` (
  `ModuloId` int(11) NOT NULL AUTO_INCREMENT,
  `Titulo` varchar(255) COLLATE utf8_bin NOT NULL,
  `Descricao` varchar(255) COLLATE utf8_bin NOT NULL,
  PRIMARY KEY (`ModuloId`)
) ENGINE=InnoDB  DEFAULT CHARSET=utf8 COLLATE=utf8_bin AUTO_INCREMENT=9 ;

--
-- Extraindo dados da tabela `Modulo`
--

INSERT INTO `Modulo` (`ModuloId`, `Titulo`, `Descricao`) VALUES
(1, 'Home', 'Home'),
(2, 'Menu', 'Menu das Aplicações'),
(3, 'Aplicacao', 'Aplicações do Sistema'),
(4, 'Nicho', 'Nichos de Aplicações'),
(5, 'Site', 'Sites de Aplicações'),
(6, 'Pessoa', 'Pessoas Cadastradas no Sistema'),
(7, 'Modulo', 'Modulos do Sistema'),
(8, 'Login', 'Login do Sistema');

-- --------------------------------------------------------

--
-- Estrutura da tabela `ModuloAplicacao`
--

CREATE TABLE IF NOT EXISTS `ModuloAplicacao` (
  `ModuloAplicacaoId` int(11) NOT NULL AUTO_INCREMENT,
  `AplicacaoId` int(11) NOT NULL,
  `ModuloId` int(11) NOT NULL,
  PRIMARY KEY (`ModuloAplicacaoId`)
) ENGINE=InnoDB DEFAULT CHARSET=utf8 COLLATE=utf8_bin AUTO_INCREMENT=1 ;

-- --------------------------------------------------------

--
-- Estrutura da tabela `Nicho`
--

CREATE TABLE IF NOT EXISTS `Nicho` (
  `NichoId` int(11) NOT NULL AUTO_INCREMENT,
  `Titulo` varchar(255) CHARACTER SET latin1 NOT NULL,
  PRIMARY KEY (`NichoId`)
) ENGINE=InnoDB  DEFAULT CHARSET=utf8 COLLATE=utf8_bin AUTO_INCREMENT=9 ;

--
-- Extraindo dados da tabela `Nicho`
--

INSERT INTO `Nicho` (`NichoId`, `Titulo`) VALUES
(1, 'Desenvolvimento de Software'),
(2, 'E-Commerce'),
(3, 'Multimídia'),
(4, 'Aplicativo'),
(5, 'Mobile'),
(6, 'Jogos'),
(8, 'Educacional');

-- --------------------------------------------------------

--
-- Estrutura da tabela `Pais`
--

CREATE TABLE IF NOT EXISTS `Pais` (
  `PaisId` tinyint(3) unsigned NOT NULL AUTO_INCREMENT,
  `Nome` varchar(50) COLLATE utf8_bin NOT NULL,
  `Name` varchar(50) COLLATE utf8_bin NOT NULL,
  PRIMARY KEY (`PaisId`)
) ENGINE=InnoDB  DEFAULT CHARSET=utf8 COLLATE=utf8_bin AUTO_INCREMENT=253 ;

--
-- Extraindo dados da tabela `Pais`
--

INSERT INTO `Pais` (`PaisId`, `Nome`, `Name`) VALUES
(1, 'Afeganistão', 'Afghanistan'),
(2, 'Acrotíri e decelia', 'Akrotiri e dekélia'),
(3, 'áfrica do sul', 'South africa'),
(4, 'Albânia', 'Albania'),
(5, 'Alemanha', 'Germany'),
(6, 'American samoa', 'American samoa'),
(7, 'Andorra', 'Andorra'),
(8, 'Angola', 'Angola'),
(9, 'Anguilla', 'Anguilla'),
(10, 'Antígua e barbuda', 'Antigua and barbuda'),
(11, 'Antilhas neerlandesas', 'Netherlands antilles'),
(12, 'Arábia saudita', 'Saudi arabia'),
(13, 'Argélia', 'Algeria'),
(14, 'Argentina', 'Argentina'),
(15, 'Arménia', 'Armenia'),
(16, 'Aruba', 'Aruba'),
(17, 'Austrália', 'Australia'),
(18, 'áustria', 'Austria'),
(19, 'Azerbaijão', 'Azerbaijan'),
(20, 'Bahamas', 'Bahamas, the'),
(21, 'Bangladeche', 'Bangladesh'),
(22, 'Barbados', 'Barbados'),
(23, 'Barém', 'Bahrain'),
(24, 'Bassas da índia', 'Bassas da india'),
(25, 'Bélgica', 'Belgium'),
(26, 'Belize', 'Belize'),
(27, 'Benim', 'Benin'),
(28, 'Bermudas', 'Bermuda'),
(29, 'Bielorrússia', 'Belarus'),
(30, 'Bolívia', 'Bolivia'),
(31, 'Bósnia e herzegovina', 'Bosnia and herzegovina'),
(32, 'Botsuana', 'Botswana'),
(33, 'Brasil', 'Brazil'),
(34, 'Brunei darussalam', 'Brunei darussalam'),
(35, 'Bulgária', 'Bulgaria'),
(36, 'Burquina faso', 'Burkina faso'),
(37, 'Burundi', 'Burundi'),
(38, 'Butão', 'Bhutan'),
(39, 'Cabo verde', 'Cape verde'),
(40, 'Camarões', 'Cameroon'),
(41, 'Camboja', 'Cambodia'),
(42, 'Canadá', 'Canada'),
(43, 'Catar', 'Qatar'),
(44, 'Cazaquistão', 'Kazakhstan'),
(45, 'Centro-africana república', 'Central african republic'),
(46, 'Chade', 'Chad'),
(47, 'Chile', 'Chile'),
(48, 'China', 'China'),
(49, 'Chipre', 'Cyprus'),
(50, 'Colômbia', 'Colombia'),
(51, 'Comores', 'Comoros'),
(52, 'Congo', 'Congo'),
(53, 'Congo república democrática', 'Congo democratic republic'),
(54, 'Coreia do norte', 'Korea north'),
(55, 'Coreia do sul', 'Korea south'),
(56, 'Costa do marfim', 'Ivory coast'),
(57, 'Costa rica', 'Costa rica'),
(58, 'Croácia', 'Croatia'),
(59, 'Cuba', 'Cuba'),
(60, 'Dinamarca', 'Denmark'),
(61, 'Domínica', 'Dominica'),
(62, 'Egipto', 'Egypt'),
(63, 'Emirados árabes unidos', 'United arab emirates'),
(64, 'Equador', 'Ecuador'),
(65, 'Eritreia', 'Eritrea'),
(66, 'Eslováquia', 'Slovakia'),
(67, 'Eslovénia', 'Slovenia'),
(68, 'Espanha', 'Spain'),
(69, 'Estados unidos', 'United states'),
(70, 'Estónia', 'Estonia'),
(71, 'Etiópia', 'Ethiopia'),
(72, 'Faixa de gaza', 'Gaza strip'),
(73, 'Fiji', 'Fiji'),
(74, 'Filipinas', 'Philippines'),
(75, 'Finlândia', 'Finland'),
(76, 'França', 'France'),
(77, 'Gabão', 'Gabon'),
(78, 'Gâmbia', 'Gambia'),
(79, 'Gana', 'Ghana'),
(80, 'Geórgia', 'Georgia'),
(81, 'Gibraltar', 'Gibraltar'),
(82, 'Granada', 'Grenada'),
(83, 'Grécia', 'Greece'),
(84, 'Gronelândia', 'Greenland'),
(85, 'Guadalupe', 'Guadeloupe'),
(86, 'Guam', 'Guam'),
(87, 'Guatemala', 'Guatemala'),
(88, 'Guernsey', 'Guernsey'),
(89, 'Guiana', 'Guyana'),
(90, 'Guiana francesa', 'French guiana'),
(91, 'Guiné', 'Guinea'),
(92, 'Guiné equatorial', 'Equatorial guinea'),
(93, 'Guiné-bissau', 'Guinea-bissau'),
(94, 'Haiti', 'Haiti'),
(95, 'Honduras', 'Honduras'),
(96, 'Hong kong', 'Hong kong'),
(97, 'Hungria', 'Hungary'),
(98, 'Iémen', 'Yemen'),
(99, 'Ilha bouvet', 'Bouvet island'),
(100, 'Ilha christmas', 'Christmas island'),
(101, 'Ilha de clipperton', 'Clipperton island'),
(102, 'Ilha de joão da nova', 'Juan de nova island'),
(103, 'Ilha de man', 'Isle of man'),
(104, 'Ilha de navassa', 'Navassa island'),
(105, 'Ilha europa', 'Europa island'),
(106, 'Ilha norfolk', 'Norfolk island'),
(107, 'Ilha tromelin', 'Tromelin island'),
(108, 'Ilhas ashmore e cartier', 'Ashmore and cartier islands'),
(109, 'Ilhas caiman', 'Cayman islands'),
(110, 'Ilhas cocos (keeling)', 'Cocos (keeling) islands'),
(111, 'Ilhas cook', 'Cook islands'),
(112, 'Ilhas do mar de coral', 'Coral sea islands'),
(113, 'Ilhas falklands (ilhas malvinas)', 'Falkland islands (islas malvinas)'),
(114, 'Ilhas feroe', 'Faroe islands'),
(115, 'Ilhas geórgia do sul e sandwich do sul', 'South georgia and the south sandwich islands'),
(116, 'Ilhas marianas do norte', 'Northern mariana islands'),
(117, 'Ilhas marshall', 'Marshall islands'),
(118, 'Ilhas paracel', 'Paracel islands'),
(119, 'Ilhas pitcairn', 'Pitcairn islands'),
(120, 'Ilhas salomão', 'Solomon islands'),
(121, 'Ilhas spratly', 'Spratly islands'),
(122, 'Ilhas virgens americanas', 'United states virgin islands'),
(123, 'Ilhas virgens britânicas', 'British virgin islands'),
(124, 'índia', 'India'),
(125, 'Indonésia', 'Indonesia'),
(126, 'Irão', 'Iran'),
(127, 'Iraque', 'Iraq'),
(128, 'Irlanda', 'Ireland'),
(129, 'Islândia', 'Iceland'),
(130, 'Israel', 'Israel'),
(131, 'Itália', 'Italy'),
(132, 'Jamaica', 'Jamaica'),
(133, 'Jan mayen', 'Jan mayen'),
(134, 'Japão', 'Japan'),
(135, 'Jersey', 'Jersey'),
(136, 'Jibuti', 'Djibouti'),
(137, 'Jordânia', 'Jordan'),
(138, 'Kiribati', 'Kiribati'),
(139, 'Koweit', 'Kuwait'),
(140, 'Laos', 'Laos'),
(141, 'Lesoto', 'Lesotho'),
(142, 'Letónia', 'Latvia'),
(143, 'Líbano', 'Lebanon'),
(144, 'Libéria', 'Liberia'),
(145, 'Líbia', 'Libyan arab jamahiriya'),
(146, 'Listenstaine', 'Liechtenstein'),
(147, 'Lituânia', 'Lithuania'),
(148, 'Luxemburgo', 'Luxembourg'),
(149, 'Macau', 'Macao'),
(150, 'Macedónia', 'Macedonia'),
(151, 'Madagáscar', 'Madagascar'),
(152, 'Malásia', 'Malaysia'),
(153, 'Malavi', 'Malawi'),
(154, 'Maldivas', 'Maldives'),
(155, 'Mali', 'Mali'),
(156, 'Malta', 'Malta'),
(157, 'Marrocos', 'Morocco'),
(158, 'Martinica', 'Martinique'),
(159, 'Maurícia', 'Mauritius'),
(160, 'Mauritânia', 'Mauritania'),
(161, 'Mayotte', 'Mayotte'),
(162, 'México', 'Mexico'),
(163, 'Mianmar', 'Myanmar burma'),
(164, 'Micronésia', 'Micronesia'),
(165, 'Moçambique', 'Mozambique'),
(166, 'Moldávia', 'Moldova'),
(167, 'Mónaco', 'Monaco'),
(168, 'Mongólia', 'Mongolia'),
(169, 'Montenegro', 'Montenegro'),
(170, 'Montserrat', 'Montserrat'),
(171, 'Namíbia', 'Namibia'),
(172, 'Nauru', 'Nauru'),
(173, 'Nepal', 'Nepal'),
(174, 'Nicarágua', 'Nicaragua'),
(175, 'Níger', 'Niger'),
(176, 'Nigéria', 'Nigeria'),
(177, 'Niue', 'Niue'),
(178, 'Noruega', 'Norway'),
(179, 'Nova caledónia', 'New caledonia'),
(180, 'Nova zelândia', 'New zealand'),
(181, 'Omã', 'Oman'),
(182, 'Países baixos', 'Netherlands'),
(183, 'Palau', 'Palau'),
(184, 'Palestina', 'Palestine'),
(185, 'Panamá', 'Panama'),
(186, 'Papuásia-nova guiné', 'Papua new guinea'),
(187, 'Paquistão', 'Pakistan'),
(188, 'Paraguai', 'Paraguay'),
(189, 'Peru', 'Peru'),
(190, 'Polinésia francesa', 'French polynesia'),
(191, 'Polónia', 'Poland'),
(192, 'Porto rico', 'Puerto rico'),
(193, 'Portugal', 'Portugal'),
(194, 'Quénia', 'Kenya'),
(195, 'Quirguizistão', 'Kyrgyzstan'),
(196, 'Reino unido', 'United kingdom'),
(197, 'República checa', 'Czech republic'),
(198, 'República dominicana', 'Dominican republic'),
(199, 'Roménia', 'Romania'),
(200, 'Ruanda', 'Rwanda'),
(201, 'Rússia', 'Russian federation'),
(202, 'Sahara occidental', 'Western sahara'),
(203, 'Salvador', 'El salvador'),
(204, 'Samoa', 'Samoa'),
(205, 'Santa helena', 'Saint helena'),
(206, 'Santa lúcia', 'Saint lucia'),
(207, 'Santa sé', 'Holy see'),
(208, 'São cristóvão e neves', 'Saint kitts and nevis'),
(209, 'São marino', 'San marino'),
(210, 'São pedro e miquelão', 'Saint pierre and miquelon'),
(211, 'São tomé e príncipe', 'Sao tome and principe'),
(212, 'São vicente e granadinas', 'Saint vincent and the grenadines'),
(213, 'Seicheles', 'Seychelles'),
(214, 'Senegal', 'Senegal'),
(215, 'Serra leoa', 'Sierra leone'),
(216, 'Sérvia', 'Serbia'),
(217, 'Singapura', 'Singapore'),
(218, 'Síria', 'Syria'),
(219, 'Somália', 'Somalia'),
(220, 'Sri lanca', 'Sri lanka'),
(221, 'Suazilândia', 'Swaziland'),
(222, 'Sudão', 'Sudan'),
(223, 'Suécia', 'Sweden'),
(224, 'Suíça', 'Switzerland'),
(225, 'Suriname', 'Suriname'),
(226, 'Svalbard', 'Svalbard'),
(227, 'Tailândia', 'Thailand'),
(228, 'Taiwan', 'Taiwan'),
(229, 'Tajiquistão', 'Tajikistan'),
(230, 'Tanzânia', 'Tanzania'),
(231, 'Território britânico do oceano índico', 'British indian ocean territory'),
(232, 'Território das ilhas heard e mcdonald', 'Heard island and mcdonald islands'),
(233, 'Timor-leste', 'Timor-leste'),
(234, 'Togo', 'Togo'),
(235, 'Tokelau', 'Tokelau'),
(236, 'Tonga', 'Tonga'),
(237, 'Trindade e tobago', 'Trinidad and tobago'),
(238, 'Tunísia', 'Tunisia'),
(239, 'Turks e caicos', 'Turks and caicos islands'),
(240, 'Turquemenistão', 'Turkmenistan'),
(241, 'Turquia', 'Turkey'),
(242, 'Tuvalu', 'Tuvalu'),
(243, 'Ucrânia', 'Ukraine'),
(244, 'Uganda', 'Uganda'),
(245, 'Uruguai', 'Uruguay'),
(246, 'Usbequistão', 'Uzbekistan'),
(247, 'Vanuatu', 'Vanuatu'),
(248, 'Venezuela', 'Venezuela'),
(249, 'Vietname', 'Vietnam'),
(250, 'Wallis e futuna', 'Wallis and futuna'),
(251, 'Zâmbia', 'Zambia'),
(252, 'Zimbabué', 'Zimbabwe');

-- --------------------------------------------------------

--
-- Estrutura da tabela `Perfil`
--

CREATE TABLE IF NOT EXISTS `Perfil` (
  `PerfilId` int(255) NOT NULL AUTO_INCREMENT,
  `AplicacaoId` int(255) NOT NULL,
  `Titulo` varchar(255) COLLATE utf8_bin NOT NULL,
  `Ativo` tinyint(1) NOT NULL DEFAULT '1',
  `Nivel` int(11) NOT NULL DEFAULT '1',
  PRIMARY KEY (`PerfilId`)
) ENGINE=InnoDB  DEFAULT CHARSET=utf8 COLLATE=utf8_bin AUTO_INCREMENT=14 ;

--
-- Extraindo dados da tabela `Perfil`
--

INSERT INTO `Perfil` (`PerfilId`, `AplicacaoId`, `Titulo`, `Ativo`, `Nivel`) VALUES
(1, 1, 'Root (Desenvolvedor)', 1, 1),
(2, 1, 'Administrador', 1, 2),
(3, 1, 'Coordenador', 1, 3),
(5, 1, 'Líder', 1, 4),
(7, 2, 'Administrador', 1, 2),
(8, 2, 'Coordenador', 1, 3),
(9, 1, 'Usuário', 1, 5),
(10, 3, 'Administrador', 1, 2),
(11, 3, 'Coordenador', 1, 3),
(12, 3, 'Moderador', 1, 4),
(13, 3, 'Usuário', 1, 5);

-- --------------------------------------------------------

--
-- Estrutura da tabela `Permissao`
--

CREATE TABLE IF NOT EXISTS `Permissao` (
  `PermissaoId` int(11) NOT NULL AUTO_INCREMENT,
  `MenuId` int(11) NOT NULL DEFAULT '0',
  `AplicacaoId` int(11) NOT NULL DEFAULT '0',
  `PerfilId` int(11) NOT NULL DEFAULT '0',
  PRIMARY KEY (`PermissaoId`)
) ENGINE=InnoDB  DEFAULT CHARSET=utf8 COLLATE=utf8_bin AUTO_INCREMENT=72 ;

--
-- Extraindo dados da tabela `Permissao`
--

INSERT INTO `Permissao` (`PermissaoId`, `MenuId`, `AplicacaoId`, `PerfilId`) VALUES
(19, 1, 1, 2),
(20, 2, 1, 2),
(26, 8, 1, 2),
(27, 10, 1, 2),
(28, 9, 1, 2),
(29, 11, 1, 2),
(30, 12, 1, 2),
(31, 13, 1, 2),
(33, 1, 1, 1),
(34, 2, 1, 1),
(35, 3, 1, 1),
(37, 5, 1, 1),
(38, 6, 1, 1),
(39, 7, 1, 1),
(40, 8, 1, 1),
(41, 9, 1, 1),
(42, 10, 1, 1),
(43, 11, 1, 1),
(44, 12, 1, 1),
(45, 13, 1, 1),
(48, 4, 1, 1),
(49, 15, 1, 1),
(53, 3, 1, 2),
(54, 4, 1, 2),
(55, 5, 1, 2),
(56, 6, 1, 2),
(57, 7, 1, 2),
(58, 15, 1, 2),
(59, 16, 3, 10),
(60, 17, 3, 10),
(61, 18, 3, 10),
(62, 19, 3, 10),
(63, 21, 3, 10),
(64, 20, 3, 10),
(65, 23, 3, 10),
(66, 24, 3, 10),
(67, 22, 3, 10),
(68, 25, 1, 2),
(69, 26, 1, 2),
(70, 25, 1, 1),
(71, 26, 1, 1);

-- --------------------------------------------------------

--
-- Estrutura da tabela `Pessoa`
--

CREATE TABLE IF NOT EXISTS `Pessoa` (
  `PessoaId` int(255) NOT NULL AUTO_INCREMENT,
  `Nome` varchar(255) COLLATE utf8_bin NOT NULL,
  `Email` varchar(255) COLLATE utf8_bin DEFAULT NULL,
  `Telefone` varchar(50) COLLATE utf8_bin DEFAULT NULL,
  `Celular` varchar(50) COLLATE utf8_bin DEFAULT NULL,
  `Observacao` text COLLATE utf8_bin,
  PRIMARY KEY (`PessoaId`)
) ENGINE=InnoDB  DEFAULT CHARSET=utf8 COLLATE=utf8_bin AUTO_INCREMENT=3 ;

--
-- Extraindo dados da tabela `Pessoa`
--

INSERT INTO `Pessoa` (`PessoaId`, `Nome`, `Email`, `Telefone`, `Celular`, `Observacao`) VALUES
(1, 'Root', 'admin@teste.com', '(11) 1111-1111', '(11) 1111-11111', ''),
(2, 'Renalcio Carlos Vieira de Freitas Junior', 'r.carlos@live.com', '(19) 3883-6146', '(19) 9823-49306', '');

-- --------------------------------------------------------

--
-- Estrutura da tabela `PessoaAplicacao`
--

CREATE TABLE IF NOT EXISTS `PessoaAplicacao` (
  `PessoaAplicacaoId` int(11) NOT NULL AUTO_INCREMENT,
  `PessoaId` int(11) NOT NULL,
  `AplicacaoId` int(11) DEFAULT NULL,
  `Apagado` tinyint(4) DEFAULT '0',
  PRIMARY KEY (`PessoaAplicacaoId`)
) ENGINE=InnoDB  DEFAULT CHARSET=utf8 COLLATE=utf8_bin AUTO_INCREMENT=4 ;

--
-- Extraindo dados da tabela `PessoaAplicacao`
--

INSERT INTO `PessoaAplicacao` (`PessoaAplicacaoId`, `PessoaId`, `AplicacaoId`, `Apagado`) VALUES
(1, 2, 1, 0),
(2, 1, 1, 0),
(3, 2, 3, 0);

-- --------------------------------------------------------

--
-- Estrutura da tabela `PessoaEndereco`
--

CREATE TABLE IF NOT EXISTS `PessoaEndereco` (
  `PessoaId` int(11) NOT NULL,
  `Rua` varchar(255) COLLATE utf8_bin NOT NULL,
  `Numero` varchar(20) COLLATE utf8_bin DEFAULT NULL,
  `Bairro` varchar(100) COLLATE utf8_bin NOT NULL,
  `Cidade` varchar(200) COLLATE utf8_bin DEFAULT NULL,
  `EstadoId` int(11) DEFAULT NULL,
  `PaisId` int(11) DEFAULT NULL,
  `Titulo` varchar(255) COLLATE utf8_bin DEFAULT NULL,
  `Apagado` tinyint(4) NOT NULL DEFAULT '0',
  PRIMARY KEY (`PessoaId`)
) ENGINE=InnoDB DEFAULT CHARSET=utf8 COLLATE=utf8_bin;

-- --------------------------------------------------------

--
-- Estrutura da tabela `PessoaFisica`
--

CREATE TABLE IF NOT EXISTS `PessoaFisica` (
  `CPF` varchar(50) COLLATE utf8_bin NOT NULL,
  `Nascimento` varchar(50) COLLATE utf8_bin DEFAULT NULL,
  `RG` varchar(255) COLLATE utf8_bin DEFAULT NULL,
  `EstadoCivil` varchar(50) COLLATE utf8_bin DEFAULT NULL,
  `Nacionalidade` varchar(100) COLLATE utf8_bin DEFAULT NULL,
  `Sexo` varchar(50) COLLATE utf8_bin NOT NULL,
  `PessoaId` int(11) NOT NULL,
  PRIMARY KEY (`PessoaId`)
) ENGINE=InnoDB DEFAULT CHARSET=utf8 COLLATE=utf8_bin;

--
-- Extraindo dados da tabela `PessoaFisica`
--

INSERT INTO `PessoaFisica` (`CPF`, `Nascimento`, `RG`, `EstadoCivil`, `Nacionalidade`, `Sexo`, `PessoaId`) VALUES
('11111111111', '24/03/1995', '111111111', 'Solteiro', 'Brasil', 'Masculíno', 1),
('41098284810', '24/03/1995', '424364268', 'Solteiro', 'Brasil', 'Masculíno', 2);

-- --------------------------------------------------------

--
-- Estrutura da tabela `PessoaJuridica`
--

CREATE TABLE IF NOT EXISTS `PessoaJuridica` (
  `PessoaId` int(11) NOT NULL,
  `NomeFantasia` varchar(255) COLLATE utf8_bin NOT NULL,
  `IE` varchar(50) COLLATE utf8_bin NOT NULL,
  `IM` varchar(50) COLLATE utf8_bin NOT NULL,
  `CNPJ` varchar(50) COLLATE utf8_bin NOT NULL,
  PRIMARY KEY (`PessoaId`)
) ENGINE=InnoDB DEFAULT CHARSET=utf8 COLLATE=utf8_bin;

--
-- Extraindo dados da tabela `PessoaJuridica`
--

INSERT INTO `PessoaJuridica` (`PessoaId`, `NomeFantasia`, `IE`, `IM`, `CNPJ`) VALUES
(1, '', '', '', ''),
(2, '', '', '', '');

-- --------------------------------------------------------

--
-- Estrutura da tabela `Site`
--

CREATE TABLE IF NOT EXISTS `Site` (
  `SiteId` int(11) NOT NULL AUTO_INCREMENT,
  `AplicacaoId` int(11) NOT NULL DEFAULT '0',
  `Titulo` varchar(255) COLLATE utf8_bin NOT NULL,
  `Url` varchar(255) COLLATE utf8_bin NOT NULL,
  `NivelAcesso` int(11) NOT NULL DEFAULT '5',
  `Descricao` varchar(255) COLLATE utf8_bin NOT NULL,
  `Metatags` varchar(255) COLLATE utf8_bin NOT NULL,
  PRIMARY KEY (`SiteId`)
) ENGINE=InnoDB  DEFAULT CHARSET=utf8 COLLATE=utf8_bin AUTO_INCREMENT=2 ;

--
-- Extraindo dados da tabela `Site`
--

INSERT INTO `Site` (`SiteId`, `AplicacaoId`, `Titulo`, `Url`, `NivelAcesso`, `Descricao`, `Metatags`) VALUES
(1, 3, 'MediaSpot - Site Principal', 'http://mediaspot.moveware.com.br', 5, '', 'mediaspot,media,spot,musica,imagem,image,music,video,musicas,imagens,videos,images,musics,download,listen,ouvir');

-- --------------------------------------------------------

--
-- Estrutura da tabela `Usuario`
--

CREATE TABLE IF NOT EXISTS `Usuario` (
  `UsuarioId` int(255) NOT NULL AUTO_INCREMENT,
  `Login` varchar(255) COLLATE utf8_bin NOT NULL,
  `Senha` varchar(255) COLLATE utf8_bin NOT NULL,
  `PessoaId` int(255) NOT NULL,
  `Avatar` text COLLATE utf8_bin,
  PRIMARY KEY (`UsuarioId`)
) ENGINE=InnoDB  DEFAULT CHARSET=utf8 COLLATE=utf8_bin AUTO_INCREMENT=3 ;

--
-- Extraindo dados da tabela `Usuario`
--

INSERT INTO `Usuario` (`UsuarioId`, `Login`, `Senha`, `PessoaId`, `Avatar`) VALUES
(1, 'admin', '21232f297a57a5a743894a0e4a801fc3', 1, 'http://localhost:8090/GDM/img/avatar/20150105151306.jpeg'),
(2, 'renalcio', '202cb962ac59075b964b07152d234b70', 2, 'http://localhost:8090/GDM/img/avatar/20150106152932.jpeg');

-- --------------------------------------------------------

--
-- Estrutura da tabela `UsuarioAplicacao`
--

CREATE TABLE IF NOT EXISTS `UsuarioAplicacao` (
  `UsuarioAplicacaoId` int(11) NOT NULL AUTO_INCREMENT,
  `UsuarioId` int(11) NOT NULL DEFAULT '0',
  `AplicacaoId` int(11) NOT NULL DEFAULT '0',
  `Ativo` tinyint(4) NOT NULL DEFAULT '1',
  PRIMARY KEY (`UsuarioAplicacaoId`)
) ENGINE=InnoDB  DEFAULT CHARSET=utf8 COLLATE=utf8_bin AUTO_INCREMENT=6 ;

--
-- Extraindo dados da tabela `UsuarioAplicacao`
--

INSERT INTO `UsuarioAplicacao` (`UsuarioAplicacaoId`, `UsuarioId`, `AplicacaoId`, `Ativo`) VALUES
(1, 2, 1, 1),
(2, 1, 1, 1),
(4, 2, 2, 1),
(5, 2, 3, 1);

-- --------------------------------------------------------

--
-- Estrutura da tabela `UsuarioPerfil`
--

CREATE TABLE IF NOT EXISTS `UsuarioPerfil` (
  `UsuarioPerfilId` int(255) NOT NULL AUTO_INCREMENT,
  `PerfilId` int(255) NOT NULL,
  `UsuarioId` int(255) NOT NULL,
  PRIMARY KEY (`UsuarioPerfilId`)
) ENGINE=InnoDB  DEFAULT CHARSET=utf8 COLLATE=utf8_bin AUTO_INCREMENT=34 ;

--
-- Extraindo dados da tabela `UsuarioPerfil`
--

INSERT INTO `UsuarioPerfil` (`UsuarioPerfilId`, `PerfilId`, `UsuarioId`) VALUES
(25, 7, 2),
(26, 8, 2),
(31, 1, 1),
(32, 2, 2),
(33, 10, 2);

-- --------------------------------------------------------

--
-- Estrutura da tabela `Variaveis`
--

CREATE TABLE IF NOT EXISTS `Variaveis` (
  `VariavelId` int(255) NOT NULL AUTO_INCREMENT,
  `AplicacaoId` int(255) NOT NULL,
  `Titulo` varchar(255) COLLATE utf8_bin NOT NULL,
  `Valor` text COLLATE utf8_bin NOT NULL,
  PRIMARY KEY (`VariavelId`)
) ENGINE=InnoDB DEFAULT CHARSET=utf8 COLLATE=utf8_bin AUTO_INCREMENT=1 ;

/*!40101 SET CHARACTER_SET_CLIENT=@OLD_CHARACTER_SET_CLIENT */;
/*!40101 SET CHARACTER_SET_RESULTS=@OLD_CHARACTER_SET_RESULTS */;
/*!40101 SET COLLATION_CONNECTION=@OLD_COLLATION_CONNECTION */;
